---------------------------------------
Begin Slurm Prolog: Apr-25-2025 06:26:39
Job ID:    2531510
User ID:   akhandelwal83
Account:   coc
Job name:  gemma-v1
Partition: coc-gpu
QOS:       coc-ice
---------------------------------------

CondaError: Run 'conda init' before 'conda deactivate'

Dataset Loaded

Map:   0%|          | 0/34000 [00:00<?, ? examples/s]
Map:   3%|▎         | 1000/34000 [00:00<00:25, 1291.79 examples/s]
Map:   6%|▌         | 2000/34000 [00:01<00:23, 1368.14 examples/s]
Map:   9%|▉         | 3000/34000 [00:02<00:21, 1418.92 examples/s]
Map:  12%|█▏        | 4000/34000 [00:02<00:20, 1468.23 examples/s]
Map:  15%|█▍        | 5000/34000 [00:03<00:19, 1470.69 examples/s]
Map:  18%|█▊        | 6000/34000 [00:04<00:19, 1465.00 examples/s]
Map:  21%|██        | 7000/34000 [00:04<00:18, 1482.58 examples/s]
Map:  24%|██▎       | 8000/34000 [00:05<00:17, 1480.40 examples/s]
Map:  26%|██▋       | 9000/34000 [00:06<00:16, 1488.29 examples/s]
Map:  29%|██▉       | 10000/34000 [00:06<00:16, 1485.88 examples/s]
Map:  32%|███▏      | 11000/34000 [00:07<00:15, 1482.54 examples/s]
Map:  35%|███▌      | 12000/34000 [00:08<00:15, 1451.84 examples/s]
Map:  38%|███▊      | 13000/34000 [00:08<00:14, 1475.69 examples/s]
Map:  41%|████      | 14000/34000 [00:09<00:13, 1462.55 examples/s]
Map:  44%|████▍     | 15000/34000 [00:10<00:12, 1463.22 examples/s]
Map:  47%|████▋     | 16000/34000 [00:10<00:12, 1461.68 examples/s]
Map:  50%|█████     | 17000/34000 [00:11<00:11, 1461.91 examples/s]
Map:  53%|█████▎    | 18000/34000 [00:12<00:10, 1464.72 examples/s]
Map:  56%|█████▌    | 19000/34000 [00:12<00:10, 1481.75 examples/s]
Map:  59%|█████▉    | 20000/34000 [00:13<00:09, 1471.16 examples/s]
Map:  62%|██████▏   | 21000/34000 [00:14<00:08, 1468.62 examples/s]
Map:  65%|██████▍   | 22000/34000 [00:15<00:08, 1481.13 examples/s]
Map:  68%|██████▊   | 23000/34000 [00:15<00:07, 1418.92 examples/s]
Map:  71%|███████   | 24000/34000 [00:16<00:07, 1428.40 examples/s]
Map:  74%|███████▎  | 25000/34000 [00:17<00:06, 1468.75 examples/s]
Map:  76%|███████▋  | 26000/34000 [00:17<00:05, 1465.17 examples/s]
Map:  79%|███████▉  | 27000/34000 [00:18<00:04, 1441.89 examples/s]
Map:  82%|████████▏ | 28000/34000 [00:19<00:04, 1463.63 examples/s]
Map:  85%|████████▌ | 29000/34000 [00:19<00:03, 1438.84 examples/s]
Map:  88%|████████▊ | 30000/34000 [00:20<00:02, 1446.65 examples/s]
Map:  91%|█████████ | 31000/34000 [00:21<00:02, 1455.34 examples/s]
Map:  94%|█████████▍| 32000/34000 [00:21<00:01, 1455.47 examples/s]
Map:  97%|█████████▋| 33000/34000 [00:22<00:00, 1350.65 examples/s]
Map: 100%|██████████| 34000/34000 [00:23<00:00, 1399.43 examples/s]
Map: 100%|██████████| 34000/34000 [00:23<00:00, 1447.96 examples/s]

Map:   0%|          | 0/7000 [00:00<?, ? examples/s]
Map:  14%|█▍        | 1000/7000 [00:00<00:03, 1520.50 examples/s]
Map:  29%|██▊       | 2000/7000 [00:01<00:03, 1463.25 examples/s]
Map:  43%|████▎     | 3000/7000 [00:01<00:02, 1507.19 examples/s]
Map:  57%|█████▋    | 4000/7000 [00:02<00:01, 1519.33 examples/s]
Map:  71%|███████▏  | 5000/7000 [00:03<00:01, 1516.24 examples/s]
Map:  86%|████████▌ | 6000/7000 [00:04<00:00, 1487.53 examples/s]
Map: 100%|██████████| 7000/7000 [00:04<00:00, 1484.05 examples/s]
Map: 100%|██████████| 7000/7000 [00:04<00:00, 1487.43 examples/s]
Some weights of Gemma2ForSequenceClassification were not initialized from the model checkpoint at unsloth/gemma-2-2b-it-bnb-4bit and are newly initialized: ['score.weight']
You should probably TRAIN this model on a down-stream task to be able to use it for predictions and inference.
The speedups for torchdynamo mostly come with GPU Ampere or higher and which is not detected here.
No label_names provided for model class `PeftModelForSequenceClassification`. Since `PeftModel` hides base models input arguments, if label_names is not given, label_names can't be set automatically within `Trainer`. Note that empty label_names list will be used instead.

  0%|          | 0/1062 [00:00<?, ?it/s]huggingface/tokenizers: The current process just got forked, after parallelism has already been used. Disabling parallelism to avoid deadlocks...
To disable this warning, you can either:
	- Avoid using `tokenizers` before the fork if possible
	- Explicitly set the environment variable TOKENIZERS_PARALLELISM=(true | false)
huggingface/tokenizers: The current process just got forked, after parallelism has already been used. Disabling parallelism to avoid deadlocks...
To disable this warning, you can either:
	- Avoid using `tokenizers` before the fork if possible
	- Explicitly set the environment variable TOKENIZERS_PARALLELISM=(true | false)
huggingface/tokenizers: The current process just got forked, after parallelism has already been used. Disabling parallelism to avoid deadlocks...
To disable this warning, you can either:
	- Avoid using `tokenizers` before the fork if possible
	- Explicitly set the environment variable TOKENIZERS_PARALLELISM=(true | false)
huggingface/tokenizers: The current process just got forked, after parallelism has already been used. Disabling parallelism to avoid deadlocks...
To disable this warning, you can either:
	- Avoid using `tokenizers` before the fork if possible
	- Explicitly set the environment variable TOKENIZERS_PARALLELISM=(true | false)
huggingface/tokenizers: The current process just got forked, after parallelism has already been used. Disabling parallelism to avoid deadlocks...
To disable this warning, you can either:
	- Avoid using `tokenizers` before the fork if possible
	- Explicitly set the environment variable TOKENIZERS_PARALLELISM=(true | false)
huggingface/tokenizers: The current process just got forked, after parallelism has already been used. Disabling parallelism to avoid deadlocks...
To disable this warning, you can either:
	- Avoid using `tokenizers` before the fork if possible
	- Explicitly set the environment variable TOKENIZERS_PARALLELISM=(true | false)
huggingface/tokenizers: The current process just got forked, after parallelism has already been used. Disabling parallelism to avoid deadlocks...
To disable this warning, you can either:
	- Avoid using `tokenizers` before the fork if possible
	- Explicitly set the environment variable TOKENIZERS_PARALLELISM=(true | false)
huggingface/tokenizers: The current process just got forked, after parallelism has already been used. Disabling parallelism to avoid deadlocks...
To disable this warning, you can either:
	- Avoid using `tokenizers` before the fork if possible
	- Explicitly set the environment variable TOKENIZERS_PARALLELISM=(true | false)

 75%|███████▌  | 801/1062 [01:56<00:38,  6.85it/s]
                                                  

 75%|███████▌  | 801/1062 [01:56<00:38,  6.85it/s]
 76%|███████▌  | 802/1062 [03:02<01:08,  3.82it/s]
                                                  

 76%|███████▌  | 802/1062 [03:02<01:08,  3.82it/s]
 76%|███████▌  | 803/1062 [04:13<01:54,  2.27it/s]
                                                  

 76%|███████▌  | 803/1062 [04:13<01:54,  2.27it/s]
 76%|███████▌  | 804/1062 [05:18<02:54,  1.48it/s]
                                                  

 76%|███████▌  | 804/1062 [05:18<02:54,  1.48it/s]
 76%|███████▌  | 805/1062 [06:23<04:19,  1.01s/it]
                                                  

 76%|███████▌  | 805/1062 [06:23<04:19,  1.01s/it]
 76%|███████▌  | 806/1062 [07:29<06:18,  1.48s/it]
                                                  

 76%|███████▌  | 806/1062 [07:29<06:18,  1.48s/it]
 76%|███████▌  | 807/1062 [08:34<09:04,  2.14s/it]
                                                  

 76%|███████▌  | 807/1062 [08:34<09:04,  2.14s/it]
 76%|███████▌  | 808/1062 [09:34<12:34,  2.97s/it]
                                                  

 76%|███████▌  | 808/1062 [09:34<12:34,  2.97s/it]
 76%|███████▌  | 809/1062 [10:40<17:51,  4.24s/it]
                                                  

 76%|███████▌  | 809/1062 [10:40<17:51,  4.24s/it]
 76%|███████▋  | 810/1062 [11:43<24:46,  5.90s/it]
                                                  

 76%|███████▋  | 810/1062 [11:43<24:46,  5.90s/it]
 76%|███████▋  | 811/1062 [12:43<33:28,  8.00s/it]
                                                  

 76%|███████▋  | 811/1062 [12:43<33:28,  8.00s/it]
 76%|███████▋  | 812/1062 [13:47<45:31, 10.93s/it]
                                                  

 76%|███████▋  | 812/1062 [13:47<45:31, 10.93s/it]
 77%|███████▋  | 813/1062 [14:53<1:01:05, 14.72s/it]
                                                    

 77%|███████▋  | 813/1062 [14:53<1:01:05, 14.72s/it]
 77%|███████▋  | 814/1062 [15:58<1:19:48, 19.31s/it]
                                                    

 77%|███████▋  | 814/1062 [15:58<1:19:48, 19.31s/it]
 77%|███████▋  | 815/1062 [17:03<1:41:13, 24.59s/it]
                                                    

 77%|███████▋  | 815/1062 [17:03<1:41:13, 24.59s/it]
 77%|███████▋  | 816/1062 [18:09<2:04:21, 30.33s/it]
                                                    

 77%|███████▋  | 816/1062 [18:09<2:04:21, 30.33s/it]
 77%|███████▋  | 817/1062 [19:09<2:24:29, 35.39s/it]
                                                    

 77%|███████▋  | 817/1062 [19:09<2:24:29, 35.39s/it]
 77%|███████▋  | 818/1062 [20:15<2:47:29, 41.19s/it]
                                                    

 77%|███████▋  | 818/1062 [20:15<2:47:29, 41.19s/it]
 77%|███████▋  | 819/1062 [21:20<3:08:00, 46.42s/it]
                                                    

 77%|███████▋  | 819/1062 [21:20<3:08:00, 46.42s/it]
 77%|███████▋  | 820/1062 [22:26<3:25:20, 50.91s/it]
                                                    

 77%|███████▋  | 820/1062 [22:26<3:25:20, 50.91s/it]
 77%|███████▋  | 821/1062 [23:31<3:39:11, 54.57s/it]
                                                    

 77%|███████▋  | 821/1062 [23:31<3:39:11, 54.57s/it]
 77%|███████▋  | 822/1062 [24:37<3:49:45, 57.44s/it]
                                                    

 77%|███████▋  | 822/1062 [24:37<3:49:45, 57.44s/it]
 77%|███████▋  | 823/1062 [25:42<3:57:34, 59.64s/it]
                                                    

 77%|███████▋  | 823/1062 [25:42<3:57:34, 59.64s/it]
 78%|███████▊  | 824/1062 [26:48<4:03:04, 61.28s/it]
                                                    

 78%|███████▊  | 824/1062 [26:48<4:03:04, 61.28s/it]
 78%|███████▊  | 825/1062 [27:52<4:05:58, 62.27s/it]
                                                    

 78%|███████▊  | 825/1062 [27:52<4:05:58, 62.27s/it]
 78%|███████▊  | 826/1062 [28:58<4:08:38, 63.21s/it]
                                                    

 78%|███████▊  | 826/1062 [28:58<4:08:38, 63.21s/it]
 78%|███████▊  | 827/1062 [30:03<4:10:10, 63.87s/it]
                                                    

 78%|███████▊  | 827/1062 [30:03<4:10:10, 63.87s/it]
 78%|███████▊  | 828/1062 [31:09<4:10:58, 64.35s/it]
                                                    

 78%|███████▊  | 828/1062 [31:09<4:10:58, 64.35s/it]
 78%|███████▊  | 829/1062 [32:12<4:08:54, 64.09s/it]
                                                    

 78%|███████▊  | 829/1062 [32:12<4:08:54, 64.09s/it]
 78%|███████▊  | 830/1062 [33:18<4:09:22, 64.49s/it]
                                                    

 78%|███████▊  | 830/1062 [33:18<4:09:22, 64.49s/it]
 78%|███████▊  | 831/1062 [34:23<4:09:24, 64.78s/it]
                                                    

 78%|███████▊  | 831/1062 [34:23<4:09:24, 64.78s/it]
 78%|███████▊  | 832/1062 [35:29<4:09:04, 64.98s/it]
                                                    

 78%|███████▊  | 832/1062 [35:29<4:09:04, 64.98s/it]
 78%|███████▊  | 833/1062 [36:34<4:08:33, 65.13s/it]
                                                    

 78%|███████▊  | 833/1062 [36:34<4:08:33, 65.13s/it]
 79%|███████▊  | 834/1062 [37:40<4:07:54, 65.24s/it]
                                                    

 79%|███████▊  | 834/1062 [37:40<4:07:54, 65.24s/it]
 79%|███████▊  | 835/1062 [38:45<4:07:06, 65.32s/it]
                                                    

 79%|███████▊  | 835/1062 [38:45<4:07:06, 65.32s/it]
 79%|███████▊  | 836/1062 [39:47<4:02:17, 64.32s/it]
                                                    

 79%|███████▊  | 836/1062 [39:47<4:02:17, 64.32s/it]
 79%|███████▉  | 837/1062 [40:53<4:02:28, 64.66s/it]
                                                    

 79%|███████▉  | 837/1062 [40:53<4:02:28, 64.66s/it]
 79%|███████▉  | 838/1062 [41:58<4:02:16, 64.90s/it]
                                                    

 79%|███████▉  | 838/1062 [41:58<4:02:16, 64.90s/it]
 79%|███████▉  | 839/1062 [43:04<4:01:50, 65.07s/it]
                                                    

 79%|███████▉  | 839/1062 [43:04<4:01:50, 65.07s/it]
 79%|███████▉  | 840/1062 [44:09<4:01:09, 65.18s/it]
                                                    

 79%|███████▉  | 840/1062 [44:09<4:01:09, 65.18s/it]
 79%|███████▉  | 841/1062 [45:14<4:00:21, 65.26s/it]
                                                    

 79%|███████▉  | 841/1062 [45:14<4:00:21, 65.26s/it]
 79%|███████▉  | 842/1062 [46:20<3:59:30, 65.32s/it]
                                                    

 79%|███████▉  | 842/1062 [46:20<3:59:30, 65.32s/it]
 79%|███████▉  | 843/1062 [47:25<3:58:37, 65.37s/it]
                                                    

 79%|███████▉  | 843/1062 [47:25<3:58:37, 65.37s/it]
 79%|███████▉  | 844/1062 [48:30<3:56:43, 65.15s/it]
                                                    

 79%|███████▉  | 844/1062 [48:30<3:56:43, 65.15s/it]
 80%|███████▉  | 845/1062 [49:34<3:54:26, 64.82s/it]
                                                    

 80%|███████▉  | 845/1062 [49:34<3:54:26, 64.82s/it]
 80%|███████▉  | 846/1062 [50:40<3:54:02, 65.01s/it]
                                                    

 80%|███████▉  | 846/1062 [50:40<3:54:02, 65.01s/it]
 80%|███████▉  | 847/1062 [51:40<3:48:22, 63.73s/it]
                                                    

 80%|███████▉  | 847/1062 [51:40<3:48:22, 63.73s/it]
 80%|███████▉  | 848/1062 [52:46<3:49:07, 64.24s/it]
                                                    

 80%|███████▉  | 848/1062 [52:46<3:49:07, 64.24s/it]
 80%|███████▉  | 849/1062 [53:51<3:49:19, 64.60s/it]
                                                    

 80%|███████▉  | 849/1062 [53:51<3:49:19, 64.60s/it]
 80%|████████  | 850/1062 [54:53<3:45:23, 63.79s/it]
                                                    

 80%|████████  | 850/1062 [54:53<3:45:23, 63.79s/it]
 80%|████████  | 851/1062 [56:00<3:47:17, 64.63s/it]
                                                    

 80%|████████  | 851/1062 [56:00<3:47:17, 64.63s/it]
 80%|████████  | 852/1062 [57:04<3:46:14, 64.64s/it]
                                                    

 80%|████████  | 852/1062 [57:04<3:46:14, 64.64s/it]
 80%|████████  | 853/1062 [58:10<3:45:59, 64.88s/it]
                                                    

 80%|████████  | 853/1062 [58:10<3:45:59, 64.88s/it]
 80%|████████  | 854/1062 [59:15<3:45:29, 65.05s/it]
                                                    

 80%|████████  | 854/1062 [59:15<3:45:29, 65.05s/it]
 81%|████████  | 855/1062 [1:00:21<3:44:49, 65.17s/it]
                                                      

 81%|████████  | 855/1062 [1:00:21<3:44:49, 65.17s/it]
 81%|████████  | 856/1062 [1:01:26<3:44:00, 65.25s/it]
                                                      

 81%|████████  | 856/1062 [1:01:26<3:44:00, 65.25s/it]
 81%|████████  | 857/1062 [1:02:32<3:43:08, 65.31s/it]
                                                      

 81%|████████  | 857/1062 [1:02:32<3:43:08, 65.31s/it]
 81%|████████  | 858/1062 [1:03:37<3:42:12, 65.35s/it]
                                                      

 81%|████████  | 858/1062 [1:03:37<3:42:12, 65.35s/it]
 81%|████████  | 859/1062 [1:04:42<3:41:14, 65.39s/it]
                                                      

 81%|████████  | 859/1062 [1:04:42<3:41:14, 65.39s/it]
 81%|████████  | 860/1062 [1:05:49<3:41:24, 65.77s/it]
                                                      

 81%|████████  | 860/1062 [1:05:49<3:41:24, 65.77s/it]
 81%|████████  | 861/1062 [1:06:55<3:40:23, 65.79s/it]
                                                      

 81%|████████  | 861/1062 [1:06:55<3:40:23, 65.79s/it]
 81%|████████  | 862/1062 [1:08:00<3:38:56, 65.68s/it]
                                                      

 81%|████████  | 862/1062 [1:08:00<3:38:56, 65.68s/it]
 81%|████████▏ | 863/1062 [1:09:06<3:37:55, 65.70s/it]
                                                      

 81%|████████▏ | 863/1062 [1:09:06<3:37:55, 65.70s/it]
 81%|████████▏ | 864/1062 [1:10:12<3:36:45, 65.68s/it]
                                                      

 81%|████████▏ | 864/1062 [1:10:12<3:36:45, 65.68s/it]
 81%|████████▏ | 865/1062 [1:11:17<3:35:27, 65.62s/it]
                                                      

 81%|████████▏ | 865/1062 [1:11:17<3:35:27, 65.62s/it]
 82%|████████▏ | 866/1062 [1:12:23<3:34:12, 65.58s/it]
                                                      

 82%|████████▏ | 866/1062 [1:12:23<3:34:12, 65.58s/it]
 82%|████████▏ | 867/1062 [1:13:28<3:33:02, 65.55s/it]
                                                      

 82%|████████▏ | 867/1062 [1:13:28<3:33:02, 65.55s/it]
 82%|████████▏ | 868/1062 [1:14:34<3:31:48, 65.51s/it]
                                                      

 82%|████████▏ | 868/1062 [1:14:34<3:31:48, 65.51s/it]
 82%|████████▏ | 869/1062 [1:15:39<3:30:41, 65.50s/it]
                                                      

 82%|████████▏ | 869/1062 [1:15:39<3:30:41, 65.50s/it]
 82%|████████▏ | 870/1062 [1:16:44<3:29:31, 65.48s/it]
                                                      

 82%|████████▏ | 870/1062 [1:16:44<3:29:31, 65.48s/it]
 82%|████████▏ | 871/1062 [1:17:50<3:28:23, 65.46s/it]
                                                      

 82%|████████▏ | 871/1062 [1:17:50<3:28:23, 65.46s/it]
 82%|████████▏ | 872/1062 [1:18:55<3:27:15, 65.45s/it]
                                                      

 82%|████████▏ | 872/1062 [1:18:55<3:27:15, 65.45s/it]
 82%|████████▏ | 873/1062 [1:20:00<3:25:07, 65.12s/it]
                                                      

 82%|████████▏ | 873/1062 [1:20:00<3:25:07, 65.12s/it]
 82%|████████▏ | 874/1062 [1:21:05<3:24:20, 65.21s/it]
                                                      

 82%|████████▏ | 874/1062 [1:21:05<3:24:20, 65.21s/it]
 82%|████████▏ | 875/1062 [1:22:10<3:23:13, 65.21s/it]
                                                      

 82%|████████▏ | 875/1062 [1:22:10<3:23:13, 65.21s/it]
 82%|████████▏ | 876/1062 [1:23:16<3:22:23, 65.29s/it]
                                                      

 82%|████████▏ | 876/1062 [1:23:16<3:22:23, 65.29s/it]
 83%|████████▎ | 877/1062 [1:24:21<3:21:28, 65.34s/it]
                                                      

 83%|████████▎ | 877/1062 [1:24:21<3:21:28, 65.34s/it]
 83%|████████▎ | 878/1062 [1:25:27<3:20:28, 65.37s/it]
                                                      

 83%|████████▎ | 878/1062 [1:25:27<3:20:28, 65.37s/it]
 83%|████████▎ | 879/1062 [1:26:32<3:19:26, 65.39s/it]
                                                      

 83%|████████▎ | 879/1062 [1:26:32<3:19:26, 65.39s/it]
 83%|████████▎ | 880/1062 [1:27:38<3:18:23, 65.41s/it]
                                                      

 83%|████████▎ | 880/1062 [1:27:38<3:18:23, 65.41s/it]
 83%|████████▎ | 881/1062 [1:28:43<3:17:18, 65.41s/it]
                                                      

 83%|████████▎ | 881/1062 [1:28:43<3:17:18, 65.41s/it]
 83%|████████▎ | 882/1062 [1:29:48<3:16:15, 65.42s/it]
                                                      

 83%|████████▎ | 882/1062 [1:29:48<3:16:15, 65.42s/it]
 83%|████████▎ | 883/1062 [1:30:53<3:14:24, 65.16s/it]
                                                      

 83%|████████▎ | 883/1062 [1:30:53<3:14:24, 65.16s/it]
 83%|████████▎ | 884/1062 [1:31:58<3:13:34, 65.25s/it]
                                                      

 83%|████████▎ | 884/1062 [1:31:58<3:13:34, 65.25s/it]
 83%|████████▎ | 885/1062 [1:33:04<3:12:41, 65.32s/it]
                                                      

 83%|████████▎ | 885/1062 [1:33:04<3:12:41, 65.32s/it]
 83%|████████▎ | 886/1062 [1:34:09<3:11:45, 65.37s/it]
                                                      

 83%|████████▎ | 886/1062 [1:34:09<3:11:45, 65.37s/it]
 84%|████████▎ | 887/1062 [1:35:15<3:10:34, 65.34s/it]
                                                      

 84%|████████▎ | 887/1062 [1:35:15<3:10:34, 65.34s/it]
 84%|████████▎ | 888/1062 [1:36:20<3:09:33, 65.37s/it]
                                                      

 84%|████████▎ | 888/1062 [1:36:20<3:09:33, 65.37s/it]
 84%|████████▎ | 889/1062 [1:37:26<3:08:31, 65.39s/it]
                                                      

 84%|████████▎ | 889/1062 [1:37:26<3:08:31, 65.39s/it]
 84%|████████▍ | 890/1062 [1:38:31<3:07:30, 65.41s/it]
                                                      

 84%|████████▍ | 890/1062 [1:38:31<3:07:30, 65.41s/it]
 84%|████████▍ | 891/1062 [1:39:36<3:06:26, 65.42s/it]
                                                      

 84%|████████▍ | 891/1062 [1:39:36<3:06:26, 65.42s/it]
 84%|████████▍ | 892/1062 [1:40:42<3:05:22, 65.42s/it]
                                                      

 84%|████████▍ | 892/1062 [1:40:42<3:05:22, 65.42s/it]
 84%|████████▍ | 893/1062 [1:41:47<3:04:18, 65.43s/it]
                                                      

 84%|████████▍ | 893/1062 [1:41:47<3:04:18, 65.43s/it]
 84%|████████▍ | 894/1062 [1:42:53<3:03:15, 65.45s/it]
                                                      

 84%|████████▍ | 894/1062 [1:42:53<3:03:15, 65.45s/it]
 84%|████████▍ | 895/1062 [1:43:58<3:02:09, 65.45s/it]
                                                      

 84%|████████▍ | 895/1062 [1:43:58<3:02:09, 65.45s/it]
 84%|████████▍ | 896/1062 [1:45:03<3:00:30, 65.24s/it]
                                                      

 84%|████████▍ | 896/1062 [1:45:03<3:00:30, 65.24s/it]
 84%|████████▍ | 897/1062 [1:46:06<2:57:18, 64.47s/it]
                                                      

 84%|████████▍ | 897/1062 [1:46:06<2:57:18, 64.47s/it]
 85%|████████▍ | 898/1062 [1:47:11<2:57:01, 64.77s/it]
                                                      

 85%|████████▍ | 898/1062 [1:47:11<2:57:01, 64.77s/it]
 85%|████████▍ | 899/1062 [1:48:17<2:56:29, 64.97s/it]
                                                      

 85%|████████▍ | 899/1062 [1:48:17<2:56:29, 64.97s/it]
 85%|████████▍ | 900/1062 [1:49:22<2:55:50, 65.13s/it]
                                                      

 85%|████████▍ | 900/1062 [1:49:22<2:55:50, 65.13s/it]
 85%|████████▍ | 901/1062 [1:50:29<2:56:30, 65.78s/it]
                                                      

 85%|████████▍ | 901/1062 [1:50:29<2:56:30, 65.78s/it]
 85%|████████▍ | 902/1062 [1:51:35<2:55:13, 65.71s/it]
                                                      

 85%|████████▍ | 902/1062 [1:51:35<2:55:13, 65.71s/it]
 85%|████████▌ | 903/1062 [1:52:40<2:53:44, 65.56s/it]
                                                      

 85%|████████▌ | 903/1062 [1:52:40<2:53:44, 65.56s/it]
 85%|████████▌ | 904/1062 [1:53:46<2:52:33, 65.53s/it]
                                                      

 85%|████████▌ | 904/1062 [1:53:46<2:52:33, 65.53s/it]
 85%|████████▌ | 905/1062 [1:54:51<2:51:25, 65.51s/it]
                                                      

 85%|████████▌ | 905/1062 [1:54:51<2:51:25, 65.51s/it]
 85%|████████▌ | 906/1062 [1:55:57<2:50:17, 65.50s/it]
                                                      

 85%|████████▌ | 906/1062 [1:55:57<2:50:17, 65.50s/it]
 85%|████████▌ | 907/1062 [1:57:02<2:49:08, 65.48s/it]
                                                      

 85%|████████▌ | 907/1062 [1:57:02<2:49:08, 65.48s/it]
 85%|████████▌ | 908/1062 [1:58:07<2:48:00, 65.46s/it]
                                                      

 85%|████████▌ | 908/1062 [1:58:07<2:48:00, 65.46s/it]
 86%|████████▌ | 909/1062 [1:59:13<2:46:54, 65.46s/it]
                                                      

 86%|████████▌ | 909/1062 [1:59:13<2:46:54, 65.46s/it]
 86%|████████▌ | 910/1062 [2:00:18<2:45:47, 65.44s/it]
                                                      

 86%|████████▌ | 910/1062 [2:00:18<2:45:47, 65.44s/it]
 86%|████████▌ | 911/1062 [2:01:24<2:44:42, 65.45s/it]
                                                      

 86%|████████▌ | 911/1062 [2:01:24<2:44:42, 65.45s/it]
 86%|████████▌ | 912/1062 [2:02:26<2:41:10, 64.47s/it]
                                                      

 86%|████████▌ | 912/1062 [2:02:26<2:41:10, 64.47s/it]
 86%|████████▌ | 913/1062 [2:03:31<2:40:48, 64.76s/it]
                                                      

 86%|████████▌ | 913/1062 [2:03:31<2:40:48, 64.76s/it]
 86%|████████▌ | 914/1062 [2:04:42<2:44:10, 66.56s/it]
                                                      

 86%|████████▌ | 914/1062 [2:04:42<2:44:10, 66.56s/it]
 86%|████████▌ | 915/1062 [2:05:48<2:42:33, 66.35s/it]
                                                      

 86%|████████▌ | 915/1062 [2:05:48<2:42:33, 66.35s/it]
 86%|████████▋ | 916/1062 [2:06:53<2:40:47, 66.08s/it]
                                                      

 86%|████████▋ | 916/1062 [2:06:53<2:40:47, 66.08s/it]
 86%|████████▋ | 917/1062 [2:07:59<2:39:13, 65.89s/it]
                                                      

 86%|████████▋ | 917/1062 [2:07:59<2:39:13, 65.89s/it]
 86%|████████▋ | 918/1062 [2:09:04<2:37:48, 65.75s/it]
                                                      

 86%|████████▋ | 918/1062 [2:09:04<2:37:48, 65.75s/it]
 87%|████████▋ | 919/1062 [2:10:10<2:36:30, 65.67s/it]
                                                      

 87%|████████▋ | 919/1062 [2:10:10<2:36:30, 65.67s/it]
 87%|████████▋ | 920/1062 [2:11:15<2:35:15, 65.60s/it]
                                                      

 87%|████████▋ | 920/1062 [2:11:15<2:35:15, 65.60s/it]
 87%|████████▋ | 921/1062 [2:12:21<2:34:04, 65.56s/it]
                                                      

 87%|████████▋ | 921/1062 [2:12:21<2:34:04, 65.56s/it]
 87%|████████▋ | 922/1062 [2:13:26<2:32:53, 65.53s/it]
                                                      

 87%|████████▋ | 922/1062 [2:13:26<2:32:53, 65.53s/it]
 87%|████████▋ | 923/1062 [2:14:32<2:31:45, 65.51s/it]
                                                      

 87%|████████▋ | 923/1062 [2:14:32<2:31:45, 65.51s/it]
 87%|████████▋ | 924/1062 [2:15:37<2:30:38, 65.50s/it]
                                                      

 87%|████████▋ | 924/1062 [2:15:37<2:30:38, 65.50s/it]
 87%|████████▋ | 925/1062 [2:16:45<2:31:29, 66.34s/it]
                                                      

 87%|████████▋ | 925/1062 [2:16:46<2:31:29, 66.34s/it]
 87%|████████▋ | 926/1062 [2:17:51<2:29:56, 66.15s/it]
                                                      

 87%|████████▋ | 926/1062 [2:17:51<2:29:56, 66.15s/it]
 87%|████████▋ | 927/1062 [2:18:57<2:28:23, 65.95s/it]
                                                      

 87%|████████▋ | 927/1062 [2:18:57<2:28:23, 65.95s/it]
 87%|████████▋ | 928/1062 [2:20:02<2:26:58, 65.81s/it]
                                                      

 87%|████████▋ | 928/1062 [2:20:02<2:26:58, 65.81s/it]
 87%|████████▋ | 929/1062 [2:21:04<2:23:04, 64.55s/it]
                                                      

 87%|████████▋ | 929/1062 [2:21:04<2:23:04, 64.55s/it]
 88%|████████▊ | 930/1062 [2:22:09<2:22:37, 64.83s/it]
                                                      

 88%|████████▊ | 930/1062 [2:22:09<2:22:37, 64.83s/it]
 88%|████████▊ | 931/1062 [2:23:15<2:21:57, 65.02s/it]
                                                      

 88%|████████▊ | 931/1062 [2:23:15<2:21:57, 65.02s/it]
 88%|████████▊ | 932/1062 [2:24:20<2:21:12, 65.17s/it]
                                                      

 88%|████████▊ | 932/1062 [2:24:20<2:21:12, 65.17s/it]
 88%|████████▊ | 933/1062 [2:25:26<2:20:22, 65.29s/it]
                                                      

 88%|████████▊ | 933/1062 [2:25:26<2:20:22, 65.29s/it]
 88%|████████▊ | 934/1062 [2:26:31<2:19:22, 65.33s/it]
                                                      

 88%|████████▊ | 934/1062 [2:26:31<2:19:22, 65.33s/it]
 88%|████████▊ | 935/1062 [2:27:36<2:18:15, 65.32s/it]
                                                      

 88%|████████▊ | 935/1062 [2:27:36<2:18:15, 65.32s/it]
 88%|████████▊ | 936/1062 [2:28:42<2:17:15, 65.36s/it]
                                                      

 88%|████████▊ | 936/1062 [2:28:42<2:17:15, 65.36s/it]
 88%|████████▊ | 937/1062 [2:29:47<2:16:15, 65.40s/it]
                                                      

 88%|████████▊ | 937/1062 [2:29:47<2:16:15, 65.40s/it]
 88%|████████▊ | 938/1062 [2:30:53<2:15:13, 65.43s/it]
                                                      

 88%|████████▊ | 938/1062 [2:30:53<2:15:13, 65.43s/it]
 88%|████████▊ | 939/1062 [2:31:58<2:14:09, 65.44s/it]
                                                      

 88%|████████▊ | 939/1062 [2:31:58<2:14:09, 65.44s/it]
 89%|████████▊ | 940/1062 [2:33:04<2:13:04, 65.45s/it]
                                                      

 89%|████████▊ | 940/1062 [2:33:04<2:13:04, 65.45s/it]
 89%|████████▊ | 941/1062 [2:34:09<2:12:01, 65.47s/it]
                                                      

 89%|████████▊ | 941/1062 [2:34:09<2:12:01, 65.47s/it]
 89%|████████▊ | 942/1062 [2:35:15<2:10:57, 65.48s/it]
                                                      

 89%|████████▊ | 942/1062 [2:35:15<2:10:57, 65.48s/it]
 89%|████████▉ | 943/1062 [2:36:20<2:09:51, 65.47s/it]
                                                      

 89%|████████▉ | 943/1062 [2:36:20<2:09:51, 65.47s/it]
 89%|████████▉ | 944/1062 [2:37:26<2:08:45, 65.47s/it]
                                                      

 89%|████████▉ | 944/1062 [2:37:26<2:08:45, 65.47s/it]
 89%|████████▉ | 945/1062 [2:38:31<2:07:38, 65.46s/it]
                                                      

 89%|████████▉ | 945/1062 [2:38:31<2:07:38, 65.46s/it]
 89%|████████▉ | 946/1062 [2:39:37<2:06:33, 65.46s/it]
                                                      

 89%|████████▉ | 946/1062 [2:39:37<2:06:33, 65.46s/it]
 89%|████████▉ | 947/1062 [2:40:42<2:05:28, 65.46s/it]
                                                      

 89%|████████▉ | 947/1062 [2:40:42<2:05:28, 65.46s/it]
 89%|████████▉ | 948/1062 [2:41:48<2:04:23, 65.47s/it]
                                                      

 89%|████████▉ | 948/1062 [2:41:48<2:04:23, 65.47s/it]
 89%|████████▉ | 949/1062 [2:42:53<2:03:17, 65.46s/it]
                                                      

 89%|████████▉ | 949/1062 [2:42:53<2:03:17, 65.46s/it]
 89%|████████▉ | 950/1062 [2:43:59<2:02:13, 65.47s/it]
                                                      

 89%|████████▉ | 950/1062 [2:43:59<2:02:13, 65.47s/it]
 90%|████████▉ | 951/1062 [2:45:07<2:02:34, 66.25s/it]
                                                      

 90%|████████▉ | 951/1062 [2:45:07<2:02:34, 66.25s/it]
 90%|████████▉ | 952/1062 [2:46:12<2:01:00, 66.01s/it]
                                                      

 90%|████████▉ | 952/1062 [2:46:12<2:01:00, 66.01s/it]
 90%|████████▉ | 953/1062 [2:47:17<1:59:36, 65.84s/it]
                                                      

 90%|████████▉ | 953/1062 [2:47:17<1:59:36, 65.84s/it]
 90%|████████▉ | 954/1062 [2:48:23<1:58:18, 65.73s/it]
                                                      

 90%|████████▉ | 954/1062 [2:48:23<1:58:18, 65.73s/it]
 90%|████████▉ | 955/1062 [2:49:28<1:57:05, 65.66s/it]
                                                      

 90%|████████▉ | 955/1062 [2:49:28<1:57:05, 65.66s/it]
 90%|█████████ | 956/1062 [2:50:34<1:55:53, 65.60s/it]
                                                      

 90%|█████████ | 956/1062 [2:50:34<1:55:53, 65.60s/it]
 90%|█████████ | 957/1062 [2:51:39<1:54:43, 65.56s/it]
                                                      

 90%|█████████ | 957/1062 [2:51:39<1:54:43, 65.56s/it]
 90%|█████████ | 958/1062 [2:52:45<1:53:34, 65.53s/it]
                                                      

 90%|█████████ | 958/1062 [2:52:45<1:53:34, 65.53s/it]
 90%|█████████ | 959/1062 [2:53:50<1:52:28, 65.52s/it]
                                                      

 90%|█████████ | 959/1062 [2:53:50<1:52:28, 65.52s/it]
 90%|█████████ | 960/1062 [2:54:56<1:51:33, 65.62s/it]
                                                      

 90%|█████████ | 960/1062 [2:54:56<1:51:33, 65.62s/it]
 90%|█████████ | 961/1062 [2:55:59<1:49:07, 64.82s/it]
                                                      

 90%|█████████ | 961/1062 [2:55:59<1:49:07, 64.82s/it]
 91%|█████████ | 962/1062 [2:57:05<1:48:29, 65.10s/it]
                                                      

 91%|█████████ | 962/1062 [2:57:05<1:48:29, 65.10s/it]
 91%|█████████ | 963/1062 [2:58:10<1:47:36, 65.22s/it]
                                                      

 91%|█████████ | 963/1062 [2:58:10<1:47:36, 65.22s/it]
 91%|█████████ | 964/1062 [2:59:16<1:46:38, 65.29s/it]
                                                      

 91%|█████████ | 964/1062 [2:59:16<1:46:38, 65.29s/it]
 91%|█████████ | 965/1062 [3:00:21<1:45:38, 65.34s/it]
                                                      

 91%|█████████ | 965/1062 [3:00:21<1:45:38, 65.34s/it]
 91%|█████████ | 966/1062 [3:01:27<1:44:35, 65.37s/it]
                                                      

 91%|█████████ | 966/1062 [3:01:27<1:44:35, 65.37s/it]
 91%|█████████ | 967/1062 [3:02:32<1:43:33, 65.40s/it]
                                                      

 91%|█████████ | 967/1062 [3:02:32<1:43:33, 65.40s/it]
 91%|█████████ | 968/1062 [3:03:38<1:42:29, 65.42s/it]
                                                      

 91%|█████████ | 968/1062 [3:03:38<1:42:29, 65.42s/it]
 91%|█████████ | 969/1062 [3:04:43<1:41:25, 65.44s/it]
                                                      

 91%|█████████ | 969/1062 [3:04:43<1:41:25, 65.44s/it]
 91%|█████████▏| 970/1062 [3:05:49<1:40:18, 65.42s/it]
                                                      

 91%|█████████▏| 970/1062 [3:05:49<1:40:18, 65.42s/it]
 91%|█████████▏| 971/1062 [3:06:48<1:36:35, 63.68s/it]
                                                      

 91%|█████████▏| 971/1062 [3:06:48<1:36:35, 63.68s/it]
 92%|█████████▏| 972/1062 [3:07:54<1:36:18, 64.21s/it]
                                                      

 92%|█████████▏| 972/1062 [3:07:54<1:36:18, 64.21s/it]
 92%|█████████▏| 973/1062 [3:08:59<1:35:48, 64.59s/it]
                                                      

 92%|█████████▏| 973/1062 [3:08:59<1:35:48, 64.59s/it]
 92%|█████████▏| 974/1062 [3:10:05<1:35:29, 65.10s/it]
                                                      

 92%|█████████▏| 974/1062 [3:10:05<1:35:29, 65.10s/it]
 92%|█████████▏| 975/1062 [3:11:11<1:34:34, 65.22s/it]
                                                      

 92%|█████████▏| 975/1062 [3:11:11<1:34:34, 65.22s/it]
 92%|█████████▏| 976/1062 [3:12:14<1:32:25, 64.48s/it]
                                                      

 92%|█████████▏| 976/1062 [3:12:14<1:32:25, 64.48s/it]
 92%|█████████▏| 977/1062 [3:13:19<1:31:45, 64.77s/it]
                                                      

 92%|█████████▏| 977/1062 [3:13:19<1:31:45, 64.77s/it]
 92%|█████████▏| 978/1062 [3:14:25<1:30:57, 64.98s/it]
                                                      

 92%|█████████▏| 978/1062 [3:14:25<1:30:57, 64.98s/it]
 92%|█████████▏| 979/1062 [3:15:30<1:30:03, 65.11s/it]
                                                      

 92%|█████████▏| 979/1062 [3:15:30<1:30:03, 65.11s/it]
 92%|█████████▏| 980/1062 [3:16:35<1:29:07, 65.22s/it]
                                                      

 92%|█████████▏| 980/1062 [3:16:35<1:29:07, 65.22s/it]
 92%|█████████▏| 981/1062 [3:17:41<1:28:08, 65.30s/it]
                                                      

 92%|█████████▏| 981/1062 [3:17:41<1:28:08, 65.30s/it]
 92%|█████████▏| 982/1062 [3:18:46<1:27:08, 65.35s/it]
                                                      

 92%|█████████▏| 982/1062 [3:18:46<1:27:08, 65.35s/it]
 93%|█████████▎| 983/1062 [3:19:49<1:25:00, 64.56s/it]
                                                      

 93%|█████████▎| 983/1062 [3:19:49<1:25:00, 64.56s/it]
 93%|█████████▎| 984/1062 [3:20:55<1:24:17, 64.83s/it]
                                                      

 93%|█████████▎| 984/1062 [3:20:55<1:24:17, 64.83s/it]
 93%|█████████▎| 985/1062 [3:22:00<1:23:26, 65.01s/it]
                                                      

 93%|█████████▎| 985/1062 [3:22:00<1:23:26, 65.01s/it]
 93%|█████████▎| 986/1062 [3:22:59<1:19:52, 63.06s/it]
                                                      

 93%|█████████▎| 986/1062 [3:22:59<1:19:52, 63.06s/it]
 93%|█████████▎| 987/1062 [3:24:04<1:19:44, 63.79s/it]
                                                      

 93%|█████████▎| 987/1062 [3:24:04<1:19:44, 63.79s/it]
 93%|█████████▎| 988/1062 [3:25:08<1:18:47, 63.89s/it]
                                                      

 93%|█████████▎| 988/1062 [3:25:08<1:18:47, 63.89s/it]
 93%|█████████▎| 989/1062 [3:26:14<1:18:18, 64.36s/it]
                                                      

 93%|█████████▎| 989/1062 [3:26:14<1:18:18, 64.36s/it]
 93%|█████████▎| 990/1062 [3:27:19<1:17:37, 64.69s/it]
                                                      

 93%|█████████▎| 990/1062 [3:27:19<1:17:37, 64.69s/it]
 93%|█████████▎| 991/1062 [3:28:24<1:16:48, 64.91s/it]
                                                      

 93%|█████████▎| 991/1062 [3:28:24<1:16:48, 64.91s/it]
 93%|█████████▎| 992/1062 [3:29:30<1:15:55, 65.08s/it]
                                                      

 93%|█████████▎| 992/1062 [3:29:30<1:15:55, 65.08s/it]
 94%|█████████▎| 993/1062 [3:30:35<1:14:57, 65.19s/it]
                                                      

 94%|█████████▎| 993/1062 [3:30:35<1:14:57, 65.19s/it]
 94%|█████████▎| 994/1062 [3:31:41<1:13:59, 65.29s/it]
                                                      

 94%|█████████▎| 994/1062 [3:31:41<1:13:59, 65.29s/it]
 94%|█████████▎| 995/1062 [3:32:46<1:12:58, 65.35s/it]
                                                      

 94%|█████████▎| 995/1062 [3:32:46<1:12:58, 65.35s/it]
 94%|█████████▍| 996/1062 [3:33:50<1:11:16, 64.80s/it]
                                                      

 94%|█████████▍| 996/1062 [3:33:50<1:11:16, 64.80s/it]
 94%|█████████▍| 997/1062 [3:34:55<1:10:24, 64.99s/it]
                                                      

 94%|█████████▍| 997/1062 [3:34:55<1:10:24, 64.99s/it]
 94%|█████████▍| 998/1062 [3:36:00<1:09:09, 64.84s/it]
                                                      

 94%|█████████▍| 998/1062 [3:36:00<1:09:09, 64.84s/it]
 94%|█████████▍| 999/1062 [3:37:05<1:08:16, 65.02s/it]
                                                      

 94%|█████████▍| 999/1062 [3:37:05<1:08:16, 65.02s/it]
 94%|█████████▍| 1000/1062 [3:38:11<1:07:18, 65.14s/it]
                                                       

 94%|█████████▍| 1000/1062 [3:38:11<1:07:18, 65.14s/it]{'loss': 0.6224, 'grad_norm': 11.18274974822998, 'learning_rate': 5.105566218809981e-05, 'epoch': 1.51}
{'loss': 0.6271, 'grad_norm': 8.123685836791992, 'learning_rate': 5.08637236084453e-05, 'epoch': 1.51}
{'loss': 0.7135, 'grad_norm': 29.785688400268555, 'learning_rate': 5.067178502879078e-05, 'epoch': 1.51}
{'loss': 0.7069, 'grad_norm': 27.45781707763672, 'learning_rate': 5.047984644913628e-05, 'epoch': 1.51}
{'loss': 0.6932, 'grad_norm': 5.541092395782471, 'learning_rate': 5.028790786948176e-05, 'epoch': 1.52}
{'loss': 0.6755, 'grad_norm': 2.8631341457366943, 'learning_rate': 5.009596928982726e-05, 'epoch': 1.52}
{'loss': 0.5786, 'grad_norm': 1.297561526298523, 'learning_rate': 4.990403071017274e-05, 'epoch': 1.52}
{'loss': 0.7106, 'grad_norm': 21.715341567993164, 'learning_rate': 4.9712092130518236e-05, 'epoch': 1.52}
{'loss': 0.7609, 'grad_norm': 29.348743438720703, 'learning_rate': 4.952015355086372e-05, 'epoch': 1.52}
{'loss': 0.6882, 'grad_norm': 16.55837631225586, 'learning_rate': 4.9328214971209215e-05, 'epoch': 1.53}
{'loss': 0.7102, 'grad_norm': 19.06477165222168, 'learning_rate': 4.91362763915547e-05, 'epoch': 1.53}
{'loss': 0.6204, 'grad_norm': 4.397279262542725, 'learning_rate': 4.8944337811900195e-05, 'epoch': 1.53}
{'loss': 0.6004, 'grad_norm': 9.391403198242188, 'learning_rate': 4.875239923224568e-05, 'epoch': 1.53}
{'loss': 0.5823, 'grad_norm': 6.512840270996094, 'learning_rate': 4.8560460652591175e-05, 'epoch': 1.53}
{'loss': 0.7157, 'grad_norm': 9.379094123840332, 'learning_rate': 4.836852207293666e-05, 'epoch': 1.53}
{'loss': 0.7717, 'grad_norm': 26.309757232666016, 'learning_rate': 4.817658349328215e-05, 'epoch': 1.54}
{'loss': 0.8208, 'grad_norm': 26.22218894958496, 'learning_rate': 4.798464491362764e-05, 'epoch': 1.54}
{'loss': 0.8146, 'grad_norm': 26.08793830871582, 'learning_rate': 4.779270633397313e-05, 'epoch': 1.54}
{'loss': 0.7834, 'grad_norm': 24.197927474975586, 'learning_rate': 4.760076775431862e-05, 'epoch': 1.54}
{'loss': 0.7102, 'grad_norm': 20.02548599243164, 'learning_rate': 4.740882917466411e-05, 'epoch': 1.54}
{'loss': 0.7079, 'grad_norm': 2.7573394775390625, 'learning_rate': 4.72168905950096e-05, 'epoch': 1.55}
{'loss': 0.6045, 'grad_norm': 3.238377809524536, 'learning_rate': 4.702495201535509e-05, 'epoch': 1.55}
{'loss': 0.6874, 'grad_norm': 10.03620433807373, 'learning_rate': 4.683301343570058e-05, 'epoch': 1.55}
{'loss': 0.6311, 'grad_norm': 16.49026107788086, 'learning_rate': 4.664107485604607e-05, 'epoch': 1.55}
{'loss': 0.6911, 'grad_norm': 15.5089111328125, 'learning_rate': 4.644913627639156e-05, 'epoch': 1.55}
{'loss': 0.6282, 'grad_norm': 13.103436470031738, 'learning_rate': 4.625719769673705e-05, 'epoch': 1.56}
{'loss': 0.9014, 'grad_norm': 33.6865234375, 'learning_rate': 4.606525911708254e-05, 'epoch': 1.56}
{'loss': 0.6, 'grad_norm': 7.326136589050293, 'learning_rate': 4.587332053742803e-05, 'epoch': 1.56}
{'loss': 0.6524, 'grad_norm': 5.482433319091797, 'learning_rate': 4.5681381957773514e-05, 'epoch': 1.56}
{'loss': 0.6066, 'grad_norm': 2.1782829761505127, 'learning_rate': 4.548944337811901e-05, 'epoch': 1.56}
{'loss': 0.6434, 'grad_norm': 2.1349611282348633, 'learning_rate': 4.5297504798464494e-05, 'epoch': 1.56}
{'loss': 0.6028, 'grad_norm': 3.599752902984619, 'learning_rate': 4.510556621880998e-05, 'epoch': 1.57}
{'loss': 0.6575, 'grad_norm': 17.042871475219727, 'learning_rate': 4.491362763915547e-05, 'epoch': 1.57}
{'loss': 0.6196, 'grad_norm': 4.541712760925293, 'learning_rate': 4.472168905950096e-05, 'epoch': 1.57}
{'loss': 0.697, 'grad_norm': 10.04381275177002, 'learning_rate': 4.4529750479846447e-05, 'epoch': 1.57}
{'loss': 0.6756, 'grad_norm': 2.261204719543457, 'learning_rate': 4.433781190019194e-05, 'epoch': 1.57}
{'loss': 0.6557, 'grad_norm': 8.299345016479492, 'learning_rate': 4.4145873320537426e-05, 'epoch': 1.58}
{'loss': 0.6418, 'grad_norm': 4.726869106292725, 'learning_rate': 4.395393474088292e-05, 'epoch': 1.58}
{'loss': 0.5811, 'grad_norm': 9.806002616882324, 'learning_rate': 4.3761996161228406e-05, 'epoch': 1.58}
{'loss': 0.5532, 'grad_norm': 3.3497395515441895, 'learning_rate': 4.35700575815739e-05, 'epoch': 1.58}
{'loss': 0.628, 'grad_norm': 10.3053617477417, 'learning_rate': 4.3378119001919386e-05, 'epoch': 1.58}
{'loss': 0.7077, 'grad_norm': 25.05271339416504, 'learning_rate': 4.318618042226488e-05, 'epoch': 1.59}
{'loss': 0.7722, 'grad_norm': 26.341175079345703, 'learning_rate': 4.2994241842610366e-05, 'epoch': 1.59}
{'loss': 0.8843, 'grad_norm': 33.67417526245117, 'learning_rate': 4.280230326295586e-05, 'epoch': 1.59}
{'loss': 0.5976, 'grad_norm': 6.892874717712402, 'learning_rate': 4.2610364683301346e-05, 'epoch': 1.59}
{'loss': 0.6813, 'grad_norm': 22.9258975982666, 'learning_rate': 4.241842610364683e-05, 'epoch': 1.59}
{'loss': 0.5874, 'grad_norm': 6.55785608291626, 'learning_rate': 4.2226487523992326e-05, 'epoch': 1.59}
{'loss': 0.5739, 'grad_norm': 5.94859504699707, 'learning_rate': 4.203454894433781e-05, 'epoch': 1.6}
{'loss': 0.7133, 'grad_norm': 14.840900421142578, 'learning_rate': 4.1842610364683305e-05, 'epoch': 1.6}
{'loss': 0.6666, 'grad_norm': 5.831557273864746, 'learning_rate': 4.165067178502879e-05, 'epoch': 1.6}
{'loss': 0.6784, 'grad_norm': 12.145739555358887, 'learning_rate': 4.1458733205374285e-05, 'epoch': 1.6}
{'loss': 0.6973, 'grad_norm': 3.2873401641845703, 'learning_rate': 4.126679462571977e-05, 'epoch': 1.6}
{'loss': 0.6394, 'grad_norm': 2.0838074684143066, 'learning_rate': 4.1074856046065265e-05, 'epoch': 1.61}
{'loss': 0.6338, 'grad_norm': 6.5682525634765625, 'learning_rate': 4.088291746641075e-05, 'epoch': 1.61}
{'loss': 0.6456, 'grad_norm': 6.686245441436768, 'learning_rate': 4.0690978886756245e-05, 'epoch': 1.61}
{'loss': 0.6457, 'grad_norm': 1.1362494230270386, 'learning_rate': 4.049904030710173e-05, 'epoch': 1.61}
{'loss': 0.6726, 'grad_norm': 8.942651748657227, 'learning_rate': 4.030710172744722e-05, 'epoch': 1.61}
{'loss': 0.6624, 'grad_norm': 5.593836784362793, 'learning_rate': 4.0115163147792705e-05, 'epoch': 1.62}
{'loss': 0.5792, 'grad_norm': 4.044219017028809, 'learning_rate': 3.99232245681382e-05, 'epoch': 1.62}
{'loss': 0.6008, 'grad_norm': 6.696227073669434, 'learning_rate': 3.9731285988483684e-05, 'epoch': 1.62}
{'loss': 0.7095, 'grad_norm': 7.285202503204346, 'learning_rate': 3.953934740882918e-05, 'epoch': 1.62}
{'loss': 0.5899, 'grad_norm': 6.377682685852051, 'learning_rate': 3.9347408829174664e-05, 'epoch': 1.62}
{'loss': 0.6605, 'grad_norm': 11.51138973236084, 'learning_rate': 3.915547024952016e-05, 'epoch': 1.62}
{'loss': 0.638, 'grad_norm': 8.652486801147461, 'learning_rate': 3.8963531669865644e-05, 'epoch': 1.63}
{'loss': 0.6063, 'grad_norm': 2.887650966644287, 'learning_rate': 3.877159309021113e-05, 'epoch': 1.63}
{'loss': 0.6552, 'grad_norm': 18.27947235107422, 'learning_rate': 3.8579654510556624e-05, 'epoch': 1.63}
{'loss': 0.6423, 'grad_norm': 12.71592903137207, 'learning_rate': 3.838771593090211e-05, 'epoch': 1.63}
{'loss': 0.6567, 'grad_norm': 11.650458335876465, 'learning_rate': 3.8195777351247604e-05, 'epoch': 1.63}
{'loss': 0.7392, 'grad_norm': 22.65003776550293, 'learning_rate': 3.800383877159309e-05, 'epoch': 1.64}
{'loss': 0.7485, 'grad_norm': 10.060270309448242, 'learning_rate': 3.7811900191938584e-05, 'epoch': 1.64}
{'loss': 0.7328, 'grad_norm': 30.656986236572266, 'learning_rate': 3.761996161228407e-05, 'epoch': 1.64}
{'loss': 0.6926, 'grad_norm': 20.298372268676758, 'learning_rate': 3.7428023032629563e-05, 'epoch': 1.64}
{'loss': 0.647, 'grad_norm': 7.118096828460693, 'learning_rate': 3.723608445297505e-05, 'epoch': 1.64}
{'loss': 0.6209, 'grad_norm': 5.6262664794921875, 'learning_rate': 3.704414587332054e-05, 'epoch': 1.65}
{'loss': 0.6335, 'grad_norm': 11.40347957611084, 'learning_rate': 3.685220729366603e-05, 'epoch': 1.65}
{'loss': 0.743, 'grad_norm': 18.548540115356445, 'learning_rate': 3.6660268714011516e-05, 'epoch': 1.65}
{'loss': 0.6863, 'grad_norm': 1.7733519077301025, 'learning_rate': 3.646833013435701e-05, 'epoch': 1.65}
{'loss': 0.6652, 'grad_norm': 1.4362982511520386, 'learning_rate': 3.6276391554702496e-05, 'epoch': 1.65}
{'loss': 0.5715, 'grad_norm': 4.960245609283447, 'learning_rate': 3.608445297504799e-05, 'epoch': 1.66}
{'loss': 0.6529, 'grad_norm': 5.265155792236328, 'learning_rate': 3.5892514395393476e-05, 'epoch': 1.66}
{'loss': 0.6183, 'grad_norm': 2.0862553119659424, 'learning_rate': 3.570057581573896e-05, 'epoch': 1.66}
{'loss': 0.6201, 'grad_norm': 15.399566650390625, 'learning_rate': 3.550863723608445e-05, 'epoch': 1.66}
{'loss': 0.7327, 'grad_norm': 8.294414520263672, 'learning_rate': 3.531669865642994e-05, 'epoch': 1.66}
{'loss': 0.6392, 'grad_norm': 6.769785404205322, 'learning_rate': 3.512476007677543e-05, 'epoch': 1.66}
{'loss': 0.5933, 'grad_norm': 9.662666320800781, 'learning_rate': 3.493282149712092e-05, 'epoch': 1.67}
{'loss': 0.6567, 'grad_norm': 4.1032795906066895, 'learning_rate': 3.474088291746641e-05, 'epoch': 1.67}
{'loss': 0.6317, 'grad_norm': 6.6484503746032715, 'learning_rate': 3.45489443378119e-05, 'epoch': 1.67}
{'loss': 0.6464, 'grad_norm': 14.425190925598145, 'learning_rate': 3.435700575815739e-05, 'epoch': 1.67}
{'loss': 0.6433, 'grad_norm': 17.46384620666504, 'learning_rate': 3.416506717850288e-05, 'epoch': 1.67}
{'loss': 0.6315, 'grad_norm': 11.791513442993164, 'learning_rate': 3.397312859884837e-05, 'epoch': 1.68}
{'loss': 0.6826, 'grad_norm': 19.02318000793457, 'learning_rate': 3.378119001919386e-05, 'epoch': 1.68}
{'loss': 0.6774, 'grad_norm': 10.975107192993164, 'learning_rate': 3.358925143953935e-05, 'epoch': 1.68}
{'loss': 0.6074, 'grad_norm': 5.06087589263916, 'learning_rate': 3.339731285988484e-05, 'epoch': 1.68}
{'loss': 0.6184, 'grad_norm': 6.777647972106934, 'learning_rate': 3.320537428023033e-05, 'epoch': 1.68}
{'loss': 0.5784, 'grad_norm': 6.3129706382751465, 'learning_rate': 3.3013435700575815e-05, 'epoch': 1.69}
{'loss': 0.6252, 'grad_norm': 14.325209617614746, 'learning_rate': 3.282149712092131e-05, 'epoch': 1.69}
{'loss': 0.7264, 'grad_norm': 15.672274589538574, 'learning_rate': 3.2629558541266795e-05, 'epoch': 1.69}
{'loss': 0.7659, 'grad_norm': 21.15108871459961, 'learning_rate': 3.243761996161229e-05, 'epoch': 1.69}
{'loss': 0.6388, 'grad_norm': 15.671871185302734, 'learning_rate': 3.2245681381957774e-05, 'epoch': 1.69}
{'loss': 0.7515, 'grad_norm': 21.62559700012207, 'learning_rate': 3.205374280230327e-05, 'epoch': 1.69}
{'loss': 0.723, 'grad_norm': 19.15633201599121, 'learning_rate': 3.1861804222648754e-05, 'epoch': 1.7}
{'loss': 0.7617, 'grad_norm': 11.296613693237305, 'learning_rate': 3.166986564299425e-05, 'epoch': 1.7}
{'loss': 0.6414, 'grad_norm': 7.507571697235107, 'learning_rate': 3.1477927063339734e-05, 'epoch': 1.7}
{'loss': 0.6589, 'grad_norm': 4.206384181976318, 'learning_rate': 3.128598848368523e-05, 'epoch': 1.7}
{'loss': 0.6743, 'grad_norm': 3.415040969848633, 'learning_rate': 3.1094049904030714e-05, 'epoch': 1.7}
{'loss': 0.774, 'grad_norm': 27.840919494628906, 'learning_rate': 3.09021113243762e-05, 'epoch': 1.71}
{'loss': 0.6964, 'grad_norm': 21.810142517089844, 'learning_rate': 3.071017274472169e-05, 'epoch': 1.71}
{'loss': 0.6862, 'grad_norm': 17.294330596923828, 'learning_rate': 3.051823416506718e-05, 'epoch': 1.71}
{'loss': 0.6686, 'grad_norm': 7.271608352661133, 'learning_rate': 3.0326295585412667e-05, 'epoch': 1.71}
{'loss': 0.6535, 'grad_norm': 23.577144622802734, 'learning_rate': 3.0134357005758157e-05, 'epoch': 1.71}
{'loss': 0.6422, 'grad_norm': 1.5404555797576904, 'learning_rate': 2.9942418426103647e-05, 'epoch': 1.72}
{'loss': 0.7176, 'grad_norm': 11.825226783752441, 'learning_rate': 2.9750479846449137e-05, 'epoch': 1.72}
{'loss': 0.6484, 'grad_norm': 3.412628650665283, 'learning_rate': 2.9558541266794627e-05, 'epoch': 1.72}
{'loss': 0.6393, 'grad_norm': 1.190323829650879, 'learning_rate': 2.9366602687140116e-05, 'epoch': 1.72}
{'loss': 0.634, 'grad_norm': 4.524364471435547, 'learning_rate': 2.9174664107485606e-05, 'epoch': 1.72}
{'loss': 0.615, 'grad_norm': 9.428694725036621, 'learning_rate': 2.8982725527831096e-05, 'epoch': 1.72}
{'loss': 0.6004, 'grad_norm': 15.928359985351562, 'learning_rate': 2.8790786948176586e-05, 'epoch': 1.73}
{'loss': 0.6475, 'grad_norm': 1.1307673454284668, 'learning_rate': 2.8598848368522073e-05, 'epoch': 1.73}
{'loss': 0.6052, 'grad_norm': 2.6435115337371826, 'learning_rate': 2.8406909788867563e-05, 'epoch': 1.73}
{'loss': 0.6151, 'grad_norm': 3.0725739002227783, 'learning_rate': 2.8214971209213053e-05, 'epoch': 1.73}
{'loss': 0.6991, 'grad_norm': 13.657690048217773, 'learning_rate': 2.8023032629558543e-05, 'epoch': 1.73}
{'loss': 0.7264, 'grad_norm': 17.799531936645508, 'learning_rate': 2.7831094049904032e-05, 'epoch': 1.74}
{'loss': 0.6809, 'grad_norm': 23.846210479736328, 'learning_rate': 2.7639155470249522e-05, 'epoch': 1.74}
{'loss': 0.6384, 'grad_norm': 9.605952262878418, 'learning_rate': 2.7447216890595012e-05, 'epoch': 1.74}
{'loss': 0.6311, 'grad_norm': 9.07568645477295, 'learning_rate': 2.7255278310940502e-05, 'epoch': 1.74}
{'loss': 0.611, 'grad_norm': 0.992573618888855, 'learning_rate': 2.7063339731285992e-05, 'epoch': 1.74}
{'loss': 0.6315, 'grad_norm': 18.454721450805664, 'learning_rate': 2.6871401151631482e-05, 'epoch': 1.75}
{'loss': 0.5645, 'grad_norm': 1.3163552284240723, 'learning_rate': 2.6679462571976972e-05, 'epoch': 1.75}
{'loss': 0.6127, 'grad_norm': 10.617569923400879, 'learning_rate': 2.6487523992322462e-05, 'epoch': 1.75}
{'loss': 0.5773, 'grad_norm': 2.396191358566284, 'learning_rate': 2.6295585412667952e-05, 'epoch': 1.75}
{'loss': 0.611, 'grad_norm': 4.038053512573242, 'learning_rate': 2.6103646833013435e-05, 'epoch': 1.75}
{'loss': 0.6456, 'grad_norm': 4.627746105194092, 'learning_rate': 2.5911708253358925e-05, 'epoch': 1.75}
{'loss': 0.7297, 'grad_norm': 16.244529724121094, 'learning_rate': 2.5719769673704415e-05, 'epoch': 1.76}
{'loss': 0.6373, 'grad_norm': 5.324506759643555, 'learning_rate': 2.5527831094049905e-05, 'epoch': 1.76}
{'loss': 0.6387, 'grad_norm': 2.0757298469543457, 'learning_rate': 2.533589251439539e-05, 'epoch': 1.76}
{'loss': 0.7201, 'grad_norm': 8.683300018310547, 'learning_rate': 2.514395393474088e-05, 'epoch': 1.76}
{'loss': 0.5811, 'grad_norm': 8.392495155334473, 'learning_rate': 2.495201535508637e-05, 'epoch': 1.76}
{'loss': 0.6333, 'grad_norm': 16.44444465637207, 'learning_rate': 2.476007677543186e-05, 'epoch': 1.77}
{'loss': 0.6019, 'grad_norm': 9.785682678222656, 'learning_rate': 2.456813819577735e-05, 'epoch': 1.77}
{'loss': 0.6401, 'grad_norm': 6.45429801940918, 'learning_rate': 2.437619961612284e-05, 'epoch': 1.77}
{'loss': 0.6046, 'grad_norm': 3.442631483078003, 'learning_rate': 2.418426103646833e-05, 'epoch': 1.77}
{'loss': 0.6458, 'grad_norm': 3.0942437648773193, 'learning_rate': 2.399232245681382e-05, 'epoch': 1.77}
{'loss': 0.5863, 'grad_norm': 1.5407427549362183, 'learning_rate': 2.380038387715931e-05, 'epoch': 1.78}
{'loss': 0.6837, 'grad_norm': 1.6534122228622437, 'learning_rate': 2.36084452975048e-05, 'epoch': 1.78}
{'loss': 0.6404, 'grad_norm': 12.487848281860352, 'learning_rate': 2.341650671785029e-05, 'epoch': 1.78}
{'loss': 0.6275, 'grad_norm': 5.492721080780029, 'learning_rate': 2.322456813819578e-05, 'epoch': 1.78}
{'loss': 0.6383, 'grad_norm': 5.825380325317383, 'learning_rate': 2.303262955854127e-05, 'epoch': 1.78}
{'loss': 0.6582, 'grad_norm': 16.538082122802734, 'learning_rate': 2.2840690978886757e-05, 'epoch': 1.78}
{'loss': 0.6906, 'grad_norm': 15.98952865600586, 'learning_rate': 2.2648752399232247e-05, 'epoch': 1.79}
{'loss': 0.7303, 'grad_norm': 6.675725936889648, 'learning_rate': 2.2456813819577733e-05, 'epoch': 1.79}
{'loss': 0.6503, 'grad_norm': 7.632603645324707, 'learning_rate': 2.2264875239923223e-05, 'epoch': 1.79}
{'loss': 0.6063, 'grad_norm': 7.550246715545654, 'learning_rate': 2.2072936660268713e-05, 'epoch': 1.79}
{'loss': 0.6437, 'grad_norm': 2.0702626705169678, 'learning_rate': 2.1880998080614203e-05, 'epoch': 1.79}
{'loss': 0.7231, 'grad_norm': 12.011758804321289, 'learning_rate': 2.1689059500959693e-05, 'epoch': 1.8}
{'loss': 0.6573, 'grad_norm': 4.267683982849121, 'learning_rate': 2.1497120921305183e-05, 'epoch': 1.8}
{'loss': 0.6314, 'grad_norm': 14.782109260559082, 'learning_rate': 2.1305182341650673e-05, 'epoch': 1.8}
{'loss': 0.7367, 'grad_norm': 15.467697143554688, 'learning_rate': 2.1113243761996163e-05, 'epoch': 1.8}
{'loss': 0.7017, 'grad_norm': 6.579071998596191, 'learning_rate': 2.0921305182341653e-05, 'epoch': 1.8}
{'loss': 0.6728, 'grad_norm': 13.003708839416504, 'learning_rate': 2.0729366602687143e-05, 'epoch': 1.81}
{'loss': 0.6235, 'grad_norm': 3.834404230117798, 'learning_rate': 2.0537428023032633e-05, 'epoch': 1.81}
{'loss': 0.5955, 'grad_norm': 2.5919482707977295, 'learning_rate': 2.0345489443378122e-05, 'epoch': 1.81}
{'loss': 0.7062, 'grad_norm': 9.68554401397705, 'learning_rate': 2.015355086372361e-05, 'epoch': 1.81}
{'loss': 0.6625, 'grad_norm': 9.783863067626953, 'learning_rate': 1.99616122840691e-05, 'epoch': 1.81}
{'loss': 0.5717, 'grad_norm': 8.035828590393066, 'learning_rate': 1.976967370441459e-05, 'epoch': 1.82}
{'loss': 0.6051, 'grad_norm': 1.1638076305389404, 'learning_rate': 1.957773512476008e-05, 'epoch': 1.82}
{'loss': 0.631, 'grad_norm': 8.958878517150879, 'learning_rate': 1.9385796545105565e-05, 'epoch': 1.82}
{'loss': 0.6344, 'grad_norm': 2.8933517932891846, 'learning_rate': 1.9193857965451055e-05, 'epoch': 1.82}
{'loss': 0.5775, 'grad_norm': 2.0252997875213623, 'learning_rate': 1.9001919385796545e-05, 'epoch': 1.82}
{'loss': 0.6121, 'grad_norm': 6.519361972808838, 'learning_rate': 1.8809980806142035e-05, 'epoch': 1.82}
{'loss': 0.731, 'grad_norm': 16.30694580078125, 'learning_rate': 1.8618042226487525e-05, 'epoch': 1.83}
{'loss': 0.6785, 'grad_norm': 9.63611125946045, 'learning_rate': 1.8426103646833015e-05, 'epoch': 1.83}
{'loss': 0.6043, 'grad_norm': 2.3859384059906006, 'learning_rate': 1.8234165067178505e-05, 'epoch': 1.83}
{'loss': 0.6378, 'grad_norm': 3.1538257598876953, 'learning_rate': 1.8042226487523995e-05, 'epoch': 1.83}
{'loss': 0.5746, 'grad_norm': 3.4642767906188965, 'learning_rate': 1.785028790786948e-05, 'epoch': 1.83}
{'loss': 0.6191, 'grad_norm': 1.223847508430481, 'learning_rate': 1.765834932821497e-05, 'epoch': 1.84}
{'loss': 0.6641, 'grad_norm': 18.177825927734375, 'learning_rate': 1.746641074856046e-05, 'epoch': 1.84}
{'loss': 0.6742, 'grad_norm': 3.9758832454681396, 'learning_rate': 1.727447216890595e-05, 'epoch': 1.84}
{'loss': 0.6534, 'grad_norm': 2.460498571395874, 'learning_rate': 1.708253358925144e-05, 'epoch': 1.84}
{'loss': 0.6451, 'grad_norm': 2.415631055831909, 'learning_rate': 1.689059500959693e-05, 'epoch': 1.84}
{'loss': 0.5455, 'grad_norm': 1.748818039894104, 'learning_rate': 1.669865642994242e-05, 'epoch': 1.85}
{'loss': 0.625, 'grad_norm': 10.26834774017334, 'learning_rate': 1.6506717850287907e-05, 'epoch': 1.85}
{'loss': 0.6244, 'grad_norm': 7.9227375984191895, 'learning_rate': 1.6314779270633397e-05, 'epoch': 1.85}
{'loss': 0.6239, 'grad_norm': 3.3552205562591553, 'learning_rate': 1.6122840690978887e-05, 'epoch': 1.85}
{'loss': 0.6446, 'grad_norm': 1.2122148275375366, 'learning_rate': 1.5930902111324377e-05, 'epoch': 1.85}
{'loss': 0.5711, 'grad_norm': 2.962585926055908, 'learning_rate': 1.5738963531669867e-05, 'epoch': 1.85}
{'loss': 0.6985, 'grad_norm': 12.600659370422363, 'learning_rate': 1.5547024952015357e-05, 'epoch': 1.86}
{'loss': 0.6254, 'grad_norm': 3.6879050731658936, 'learning_rate': 1.5355086372360844e-05, 'epoch': 1.86}
{'loss': 0.6236, 'grad_norm': 0.9942753314971924, 'learning_rate': 1.5163147792706333e-05, 'epoch': 1.86}
{'loss': 0.6637, 'grad_norm': 5.6842827796936035, 'learning_rate': 1.4971209213051823e-05, 'epoch': 1.86}
{'loss': 0.6728, 'grad_norm': 2.463001251220703, 'learning_rate': 1.4779270633397313e-05, 'epoch': 1.86}
{'loss': 0.6373, 'grad_norm': 6.271775245666504, 'learning_rate': 1.4587332053742803e-05, 'epoch': 1.87}
{'loss': 0.7002, 'grad_norm': 13.284890174865723, 'learning_rate': 1.4395393474088293e-05, 'epoch': 1.87}
{'loss': 0.641, 'grad_norm': 1.8648202419281006, 'learning_rate': 1.4203454894433781e-05, 'epoch': 1.87}
{'loss': 0.645, 'grad_norm': 3.629242420196533, 'learning_rate': 1.4011516314779271e-05, 'epoch': 1.87}
{'loss': 0.6666, 'grad_norm': 11.166157722473145, 'learning_rate': 1.3819577735124761e-05, 'epoch': 1.87}
{'loss': 0.6623, 'grad_norm': 8.085265159606934, 'learning_rate': 1.3627639155470251e-05, 'epoch': 1.88}
{'loss': 0.6549, 'grad_norm': 1.7262194156646729, 'learning_rate': 1.3435700575815741e-05, 'epoch': 1.88}
{'loss': 0.5876, 'grad_norm': 1.58484947681427, 'learning_rate': 1.3243761996161231e-05, 'epoch': 1.88}
{'loss': 0.6683, 'grad_norm': 7.872998237609863, 'learning_rate': 1.3051823416506717e-05, 'epoch': 1.88}
{'loss': 0.7071, 'grad_norm': 6.481379985809326, 'learning_rate': 1.2859884836852207e-05, 'epoch': 1.88}
huggingface/tokenizers: The current process just got forked, after parallelism has already been used. Disabling parallelism to avoid deadlocks...
huggingface/tokenizers: The current process just got forked, after parallelism has already been used. Disabling parallelism to avoid deadlocks...
huggingface/tokenizers: The current process just got forked, after parallelism has already been used. Disabling parallelism to avoid deadlocks...
To disable this warning, you can either:
To disable this warning, you can either:
To disable this warning, you can either:
	- Avoid using `tokenizers` before the fork if possible
	- Explicitly set the environment variable 	- Avoid using `tokenizers` before the fork if possible
	- Explicitly set the environment variable 	- Avoid using `tokenizers` before the fork if possible
	- Explicitly set the environment variable huggingface/tokenizers: The current process just got forked, after parallelism has already been used. Disabling parallelism to avoid deadlocks...
To disable this warning, you can either:
	- Avoid using `tokenizers` before the fork if possible
	- Explicitly set the environment variable TOKENIZERS_PARALLELISM=(true | false)
TOKENIZERS_PARALLELISMTOKENIZERS_PARALLELISMTOKENIZERS_PARALLELISM=(true | false)
=(true | false)
=(true | false)
huggingface/tokenizers: The current process just got forked, after parallelism has already been used. Disabling parallelism to avoid deadlocks...
To disable this warning, you can either:
	- Avoid using `tokenizers` before the fork if possible
	- Explicitly set the environment variable TOKENIZERS_PARALLELISM=(true | false)
huggingface/tokenizers: The current process just got forked, after parallelism has already been used. Disabling parallelism to avoid deadlocks...
To disable this warning, you can either:
	- Avoid using `tokenizers` before the fork if possible
	- Explicitly set the environment variable TOKENIZERS_PARALLELISM=(true | false)
huggingface/tokenizers: The current process just got forked, after parallelism has already been used. Disabling parallelism to avoid deadlocks...
To disable this warning, you can either:
	- Avoid using `tokenizers` before the fork if possible
	- Explicitly set the environment variable TOKENIZERS_PARALLELISM=(true | false)
huggingface/tokenizers: The current process just got forked, after parallelism has already been used. Disabling parallelism to avoid deadlocks...
To disable this warning, you can either:
	- Avoid using `tokenizers` before the fork if possible
	- Explicitly set the environment variable TOKENIZERS_PARALLELISM=(true | false)


  0%|          | 0/219 [00:00<?, ?it/s][A

  1%|          | 2/219 [00:09<17:38,  4.88s/it][A

  1%|▏         | 3/219 [00:19<24:52,  6.91s/it][A

  2%|▏         | 4/219 [00:29<28:32,  7.97s/it][A

  2%|▏         | 5/219 [00:38<30:37,  8.59s/it][A

  3%|▎         | 6/219 [00:48<31:50,  8.97s/it][A

  3%|▎         | 7/219 [00:58<32:34,  9.22s/it][A

  4%|▎         | 8/219 [01:08<33:00,  9.39s/it][A

  4%|▍         | 9/219 [01:17<33:15,  9.50s/it][A

  5%|▍         | 10/219 [01:27<33:21,  9.58s/it][A

  5%|▌         | 11/219 [01:37<33:23,  9.63s/it][A

  5%|▌         | 12/219 [01:47<33:21,  9.67s/it][A

  6%|▌         | 13/219 [01:57<33:17,  9.69s/it][A

  6%|▋         | 14/219 [02:06<33:11,  9.71s/it][A

  7%|▋         | 15/219 [02:16<33:03,  9.72s/it][A

  7%|▋         | 16/219 [02:26<32:55,  9.73s/it][A

  8%|▊         | 17/219 [02:36<32:46,  9.74s/it][A

  8%|▊         | 18/219 [02:45<32:37,  9.74s/it][A

  9%|▊         | 19/219 [02:55<32:29,  9.75s/it][A

  9%|▉         | 20/219 [03:05<32:19,  9.75s/it][A

 10%|▉         | 21/219 [03:15<32:10,  9.75s/it][A

 10%|█         | 22/219 [03:24<32:00,  9.75s/it][A

 11%|█         | 23/219 [03:34<31:51,  9.75s/it][A

 11%|█         | 24/219 [03:44<31:41,  9.75s/it][A

 11%|█▏        | 25/219 [03:54<31:32,  9.75s/it][A

 12%|█▏        | 26/219 [04:03<31:22,  9.76s/it][A

 12%|█▏        | 27/219 [04:13<31:12,  9.75s/it][A

 13%|█▎        | 28/219 [04:23<31:03,  9.75s/it][A

 13%|█▎        | 29/219 [04:33<30:54,  9.76s/it][A

 14%|█▎        | 30/219 [04:42<30:44,  9.76s/it][A

 14%|█▍        | 31/219 [04:52<30:34,  9.76s/it][A

 15%|█▍        | 32/219 [05:02<30:23,  9.75s/it][A

 15%|█▌        | 33/219 [05:12<30:14,  9.75s/it][A

 16%|█▌        | 34/219 [05:21<30:04,  9.76s/it][A

 16%|█▌        | 35/219 [05:31<29:54,  9.75s/it][A

 16%|█▋        | 36/219 [05:41<29:45,  9.76s/it][A

 17%|█▋        | 37/219 [05:51<29:35,  9.75s/it][A

 17%|█▋        | 38/219 [06:00<29:26,  9.76s/it][A

 18%|█▊        | 39/219 [06:10<29:16,  9.76s/it][A

 18%|█▊        | 40/219 [06:20<29:06,  9.76s/it][A

 19%|█▊        | 41/219 [06:30<28:56,  9.76s/it][A

 19%|█▉        | 42/219 [06:39<28:46,  9.76s/it][A

 20%|█▉        | 43/219 [06:49<28:36,  9.75s/it][A

 20%|██        | 44/219 [06:59<28:27,  9.76s/it][A

 21%|██        | 45/219 [07:09<28:17,  9.76s/it][A

 21%|██        | 46/219 [07:18<28:08,  9.76s/it][A

 21%|██▏       | 47/219 [07:28<27:57,  9.75s/it][A

 22%|██▏       | 48/219 [07:38<27:48,  9.76s/it][A

 22%|██▏       | 49/219 [07:48<27:38,  9.75s/it][A

 23%|██▎       | 50/219 [07:57<27:27,  9.75s/it][A

 23%|██▎       | 51/219 [08:07<27:17,  9.75s/it][A

 24%|██▎       | 52/219 [08:17<27:07,  9.75s/it][A

 24%|██▍       | 53/219 [08:27<26:58,  9.75s/it][A

 25%|██▍       | 54/219 [08:36<26:47,  9.74s/it][A

 25%|██▌       | 55/219 [08:46<26:38,  9.75s/it][A

 26%|██▌       | 56/219 [08:56<26:28,  9.75s/it][A

 26%|██▌       | 57/219 [09:06<26:19,  9.75s/it][A

 26%|██▋       | 58/219 [09:15<26:10,  9.75s/it][A

 27%|██▋       | 59/219 [09:25<26:00,  9.75s/it][A

 27%|██▋       | 60/219 [09:35<25:50,  9.75s/it][A

 28%|██▊       | 61/219 [09:45<25:40,  9.75s/it][A

 28%|██▊       | 62/219 [09:54<25:30,  9.75s/it][A

 29%|██▉       | 63/219 [10:04<25:21,  9.75s/it][A

 29%|██▉       | 64/219 [10:14<25:10,  9.75s/it][A

 30%|██▉       | 65/219 [10:24<25:00,  9.75s/it][A

 30%|███       | 66/219 [10:33<24:51,  9.75s/it][A

 31%|███       | 67/219 [10:43<24:41,  9.75s/it][A

 31%|███       | 68/219 [10:53<24:32,  9.75s/it][A

 32%|███▏      | 69/219 [11:03<24:21,  9.75s/it][A

 32%|███▏      | 70/219 [11:12<24:12,  9.75s/it][A

 32%|███▏      | 71/219 [11:22<24:02,  9.75s/it][A

 33%|███▎      | 72/219 [11:32<23:53,  9.75s/it][A

 33%|███▎      | 73/219 [11:42<23:43,  9.75s/it][A

 34%|███▍      | 74/219 [11:51<23:34,  9.75s/it][A

 34%|███▍      | 75/219 [12:01<23:24,  9.75s/it][A

 35%|███▍      | 76/219 [12:11<23:14,  9.75s/it][A

 35%|███▌      | 77/219 [12:21<23:04,  9.75s/it][A

 36%|███▌      | 78/219 [12:30<22:54,  9.75s/it][A

 36%|███▌      | 79/219 [12:40<22:44,  9.75s/it][A

 37%|███▋      | 80/219 [12:50<22:34,  9.75s/it][A

 37%|███▋      | 81/219 [13:00<22:25,  9.75s/it][A

 37%|███▋      | 82/219 [13:09<22:15,  9.75s/it][A

 38%|███▊      | 83/219 [13:19<22:05,  9.75s/it][A

 38%|███▊      | 84/219 [13:29<21:55,  9.75s/it][A

 39%|███▉      | 85/219 [13:39<21:46,  9.75s/it][A

 39%|███▉      | 86/219 [13:48<21:36,  9.75s/it][A

 40%|███▉      | 87/219 [13:59<21:52,  9.94s/it][A

 40%|████      | 88/219 [14:10<22:18, 10.22s/it][A

 41%|████      | 89/219 [14:21<22:41, 10.47s/it][A

 41%|████      | 90/219 [14:31<22:32, 10.48s/it][A

 42%|████▏     | 91/219 [14:41<21:53, 10.26s/it][A

 42%|████▏     | 92/219 [14:51<21:23, 10.11s/it][A

 42%|████▏     | 93/219 [15:00<21:00, 10.00s/it][A

 43%|████▎     | 94/219 [15:10<20:40,  9.93s/it][A

 43%|████▎     | 95/219 [15:20<20:24,  9.87s/it][A

 44%|████▍     | 96/219 [15:30<20:09,  9.83s/it][A

 44%|████▍     | 97/219 [15:39<19:56,  9.81s/it][A

 45%|████▍     | 98/219 [15:49<19:44,  9.79s/it][A

 45%|████▌     | 99/219 [15:59<19:33,  9.78s/it][A

 46%|████▌     | 100/219 [16:09<19:22,  9.77s/it][A

 46%|████▌     | 101/219 [16:18<19:12,  9.76s/it][A

 47%|████▋     | 102/219 [16:28<19:01,  9.76s/it][A

 47%|████▋     | 103/219 [16:38<18:51,  9.76s/it][A

 47%|████▋     | 104/219 [16:48<18:41,  9.76s/it][A

 48%|████▊     | 105/219 [16:57<18:32,  9.76s/it][A

 48%|████▊     | 106/219 [17:07<18:22,  9.75s/it][A

 49%|████▉     | 107/219 [17:17<18:12,  9.75s/it][A

 49%|████▉     | 108/219 [17:27<18:02,  9.75s/it][A

 50%|████▉     | 109/219 [17:36<17:52,  9.75s/it][A

 50%|█████     | 110/219 [17:46<17:42,  9.75s/it][A

 51%|█████     | 111/219 [17:56<17:32,  9.75s/it][A

 51%|█████     | 112/219 [18:06<17:22,  9.75s/it][A

 52%|█████▏    | 113/219 [18:15<17:13,  9.75s/it][A

 52%|█████▏    | 114/219 [18:25<17:03,  9.75s/it][A

 53%|█████▎    | 115/219 [18:35<16:53,  9.75s/it][A

 53%|█████▎    | 116/219 [18:45<16:44,  9.75s/it][A

 53%|█████▎    | 117/219 [18:54<16:33,  9.74s/it][A

 54%|█████▍    | 118/219 [19:04<16:24,  9.74s/it][A

 54%|█████▍    | 119/219 [19:14<16:14,  9.75s/it][A

 55%|█████▍    | 120/219 [19:24<16:05,  9.75s/it][A

 55%|█████▌    | 121/219 [19:33<15:55,  9.75s/it][A

 56%|█████▌    | 122/219 [19:43<15:45,  9.75s/it][A

 56%|█████▌    | 123/219 [19:53<15:35,  9.75s/it][A

 57%|█████▋    | 124/219 [20:03<15:25,  9.74s/it][A

 57%|█████▋    | 125/219 [20:12<15:15,  9.74s/it][A

 58%|█████▊    | 126/219 [20:22<15:05,  9.74s/it][A

 58%|█████▊    | 127/219 [20:32<14:56,  9.74s/it][A

 58%|█████▊    | 128/219 [20:42<14:46,  9.75s/it][A

 59%|█████▉    | 129/219 [20:51<14:36,  9.74s/it][A

 59%|█████▉    | 130/219 [21:01<14:27,  9.74s/it][A

 60%|█████▉    | 131/219 [21:11<14:17,  9.75s/it][A

 60%|██████    | 132/219 [21:21<14:08,  9.75s/it][A

 61%|██████    | 133/219 [21:30<13:58,  9.75s/it][A

 61%|██████    | 134/219 [21:40<13:48,  9.75s/it][A

 62%|██████▏   | 135/219 [21:50<13:39,  9.75s/it][A

 62%|██████▏   | 136/219 [22:00<13:29,  9.75s/it][A

 63%|██████▎   | 137/219 [22:09<13:19,  9.75s/it][A

 63%|██████▎   | 138/219 [22:19<13:09,  9.75s/it][A

 63%|██████▎   | 139/219 [22:29<13:00,  9.75s/it][A

 64%|██████▍   | 140/219 [22:39<12:50,  9.75s/it][A

 64%|██████▍   | 141/219 [22:48<12:40,  9.75s/it][A

 65%|██████▍   | 142/219 [22:58<12:31,  9.76s/it][A

 65%|██████▌   | 143/219 [23:08<12:21,  9.75s/it][A

 66%|██████▌   | 144/219 [23:18<12:11,  9.75s/it][A

 66%|██████▌   | 145/219 [23:27<12:01,  9.75s/it][A

 67%|██████▋   | 146/219 [23:37<11:52,  9.75s/it][A

 67%|██████▋   | 147/219 [23:47<11:42,  9.75s/it][A

 68%|██████▊   | 148/219 [23:57<11:32,  9.75s/it][A

 68%|██████▊   | 149/219 [24:06<11:22,  9.75s/it][A

 68%|██████▊   | 150/219 [24:16<11:12,  9.75s/it][A

 69%|██████▉   | 151/219 [24:26<11:03,  9.75s/it][A

 69%|██████▉   | 152/219 [24:36<10:53,  9.75s/it][A

 70%|██████▉   | 153/219 [24:45<10:43,  9.75s/it][A

 70%|███████   | 154/219 [24:55<10:33,  9.75s/it][A

 71%|███████   | 155/219 [25:05<10:24,  9.75s/it][A

 71%|███████   | 156/219 [25:15<10:14,  9.75s/it][A

 72%|███████▏  | 157/219 [25:24<10:04,  9.75s/it][A

 72%|███████▏  | 158/219 [25:34<09:54,  9.75s/it][A

 73%|███████▎  | 159/219 [25:44<09:45,  9.75s/it][A

 73%|███████▎  | 160/219 [25:54<09:35,  9.75s/it][A

 74%|███████▎  | 161/219 [26:03<09:25,  9.75s/it][A

 74%|███████▍  | 162/219 [26:13<09:15,  9.75s/it][A

 74%|███████▍  | 163/219 [26:23<09:05,  9.75s/it][A

 75%|███████▍  | 164/219 [26:33<08:56,  9.75s/it][A

 75%|███████▌  | 165/219 [26:42<08:46,  9.75s/it][A

 76%|███████▌  | 166/219 [26:52<08:36,  9.75s/it][A

 76%|███████▋  | 167/219 [27:02<08:26,  9.75s/it][A

 77%|███████▋  | 168/219 [27:12<08:16,  9.74s/it][A

 77%|███████▋  | 169/219 [27:21<08:07,  9.75s/it][A

 78%|███████▊  | 170/219 [27:31<07:57,  9.74s/it][A

 78%|███████▊  | 171/219 [27:41<07:47,  9.75s/it][A

 79%|███████▊  | 172/219 [27:51<07:37,  9.74s/it][A

 79%|███████▉  | 173/219 [28:00<07:28,  9.75s/it][A

 79%|███████▉  | 174/219 [28:10<07:18,  9.75s/it][A

 80%|███████▉  | 175/219 [28:20<07:08,  9.75s/it][A

 80%|████████  | 176/219 [28:30<06:59,  9.75s/it][A

 81%|████████  | 177/219 [28:39<06:49,  9.74s/it][A

 81%|████████▏ | 178/219 [28:49<06:39,  9.74s/it][A

 82%|████████▏ | 179/219 [28:59<06:29,  9.74s/it][A

 82%|████████▏ | 180/219 [29:09<06:19,  9.74s/it][A

 83%|████████▎ | 181/219 [29:18<06:10,  9.74s/it][A

 83%|████████▎ | 182/219 [29:28<06:00,  9.74s/it][A

 84%|████████▎ | 183/219 [29:38<05:50,  9.75s/it][A

 84%|████████▍ | 184/219 [29:48<05:41,  9.75s/it][A

 84%|████████▍ | 185/219 [29:57<05:31,  9.75s/it][A

 85%|████████▍ | 186/219 [30:07<05:21,  9.75s/it][A

 85%|████████▌ | 187/219 [30:17<05:11,  9.75s/it][A

 86%|████████▌ | 188/219 [30:27<05:02,  9.75s/it][A

 86%|████████▋ | 189/219 [30:36<04:52,  9.74s/it][A

 87%|████████▋ | 190/219 [30:46<04:42,  9.74s/it][A

 87%|████████▋ | 191/219 [30:56<04:32,  9.75s/it][A

 88%|████████▊ | 192/219 [31:06<04:23,  9.75s/it][A

 88%|████████▊ | 193/219 [31:15<04:13,  9.75s/it][A

 89%|████████▊ | 194/219 [31:25<04:03,  9.75s/it][A

 89%|████████▉ | 195/219 [31:35<03:53,  9.75s/it][A

 89%|████████▉ | 196/219 [31:45<03:44,  9.75s/it][A

 90%|████████▉ | 197/219 [31:54<03:34,  9.75s/it][A

 90%|█████████ | 198/219 [32:04<03:24,  9.74s/it][A

 91%|█████████ | 199/219 [32:14<03:14,  9.75s/it][A

 91%|█████████▏| 200/219 [32:24<03:05,  9.74s/it][A

 92%|█████████▏| 201/219 [32:33<02:55,  9.74s/it][A

 92%|█████████▏| 202/219 [32:43<02:45,  9.75s/it][A

 93%|█████████▎| 203/219 [32:53<02:35,  9.75s/it][A

 93%|█████████▎| 204/219 [33:03<02:26,  9.75s/it][A

 94%|█████████▎| 205/219 [33:12<02:16,  9.74s/it][A

 94%|█████████▍| 206/219 [33:22<02:06,  9.74s/it][A

 95%|█████████▍| 207/219 [33:32<01:56,  9.75s/it][A

 95%|█████████▍| 208/219 [33:42<01:47,  9.75s/it][A

 95%|█████████▌| 209/219 [33:51<01:37,  9.75s/it][A

 96%|█████████▌| 210/219 [34:01<01:27,  9.75s/it][A

 96%|█████████▋| 211/219 [34:11<01:17,  9.75s/it][A

 97%|█████████▋| 212/219 [34:20<01:08,  9.75s/it][A

 97%|█████████▋| 213/219 [34:30<00:58,  9.75s/it][A

 98%|█████████▊| 214/219 [34:40<00:48,  9.75s/it][A

 98%|█████████▊| 215/219 [34:50<00:38,  9.74s/it][A

 99%|█████████▊| 216/219 [34:59<00:29,  9.74s/it][A

 99%|█████████▉| 217/219 [35:09<00:19,  9.75s/it][A

100%|█████████▉| 218/219 [35:19<00:09,  9.75s/it][A

100%|██████████| 219/219 [35:27<00:00,  9.15s/it][A
                                                       

                                                 
[A
 94%|█████████▍| 1000/1062 [4:13:55<1:07:18, 65.14s/it]

100%|██████████| 219/219 [35:28<00:00,  9.15s/it][A

                                                 [A
 94%|█████████▍| 1001/1062 [4:15:05<12:01:39, 709.83s/it]
                                                         

 94%|█████████▍| 1001/1062 [4:15:05<12:01:39, 709.83s/it]
 94%|█████████▍| 1002/1062 [4:16:10<8:36:31, 516.52s/it] 
                                                        

 94%|█████████▍| 1002/1062 [4:16:10<8:36:31, 516.52s/it]
 94%|█████████▍| 1003/1062 [4:17:16<6:14:50, 381.20s/it]
                                                        

 94%|█████████▍| 1003/1062 [4:17:16<6:14:50, 381.20s/it]
 95%|█████████▍| 1004/1062 [4:18:21<4:36:55, 286.48s/it]
                                                        

 95%|█████████▍| 1004/1062 [4:18:21<4:36:55, 286.48s/it]
 95%|█████████▍| 1005/1062 [4:19:25<3:28:45, 219.75s/it]
                                                        

 95%|█████████▍| 1005/1062 [4:19:25<3:28:45, 219.75s/it]
 95%|█████████▍| 1006/1062 [4:20:31<2:41:54, 173.47s/it]
                                                        

 95%|█████████▍| 1006/1062 [4:20:31<2:41:54, 173.47s/it]
 95%|█████████▍| 1007/1062 [4:21:36<2:09:19, 141.08s/it]
                                                        

 95%|█████████▍| 1007/1062 [4:21:36<2:09:19, 141.08s/it]
 95%|█████████▍| 1008/1062 [4:22:41<1:46:23, 118.21s/it]
                                                        

 95%|█████████▍| 1008/1062 [4:22:41<1:46:23, 118.21s/it]
 95%|█████████▌| 1009/1062 [4:23:46<1:30:23, 102.33s/it]
                                                        

 95%|█████████▌| 1009/1062 [4:23:46<1:30:23, 102.33s/it]
 95%|█████████▌| 1010/1062 [4:24:52<1:19:05, 91.27s/it] 
                                                       

 95%|█████████▌| 1010/1062 [4:24:52<1:19:05, 91.27s/it]
 95%|█████████▌| 1011/1062 [4:25:57<1:10:58, 83.51s/it]
                                                       

 95%|█████████▌| 1011/1062 [4:25:57<1:10:58, 83.51s/it]
 95%|█████████▌| 1012/1062 [4:27:03<1:05:05, 78.10s/it]
                                                       

 95%|█████████▌| 1012/1062 [4:27:03<1:05:05, 78.10s/it]
 95%|█████████▌| 1013/1062 [4:28:08<1:00:41, 74.31s/it]
                                                       

 95%|█████████▌| 1013/1062 [4:28:08<1:00:41, 74.31s/it]
 95%|█████████▌| 1014/1062 [4:29:13<57:06, 71.39s/it]  
                                                     

 95%|█████████▌| 1014/1062 [4:29:13<57:06, 71.39s/it]
 96%|█████████▌| 1015/1062 [4:30:18<54:32, 69.62s/it]
                                                     

 96%|█████████▌| 1015/1062 [4:30:18<54:32, 69.62s/it]
 96%|█████████▌| 1016/1062 [4:31:24<52:24, 68.37s/it]
                                                     

 96%|█████████▌| 1016/1062 [4:31:24<52:24, 68.37s/it]
 96%|█████████▌| 1017/1062 [4:32:29<50:37, 67.50s/it]
                                                     

 96%|█████████▌| 1017/1062 [4:32:29<50:37, 67.50s/it]
 96%|█████████▌| 1018/1062 [4:33:34<48:52, 66.64s/it]
                                                     

 96%|█████████▌| 1018/1062 [4:33:34<48:52, 66.64s/it]
 96%|█████████▌| 1019/1062 [4:34:39<47:30, 66.28s/it]
                                                     

 96%|█████████▌| 1019/1062 [4:34:39<47:30, 66.28s/it]
 96%|█████████▌| 1020/1062 [4:35:45<46:13, 66.03s/it]
                                                     

 96%|█████████▌| 1020/1062 [4:35:45<46:13, 66.03s/it]
 96%|█████████▌| 1021/1062 [4:36:50<45:00, 65.86s/it]
                                                     

 96%|█████████▌| 1021/1062 [4:36:50<45:00, 65.86s/it]
 96%|█████████▌| 1022/1062 [4:37:56<43:49, 65.74s/it]
                                                     

 96%|█████████▌| 1022/1062 [4:37:56<43:49, 65.74s/it]
 96%|█████████▋| 1023/1062 [4:39:01<42:40, 65.65s/it]
                                                     

 96%|█████████▋| 1023/1062 [4:39:01<42:40, 65.65s/it]
 96%|█████████▋| 1024/1062 [4:40:06<41:32, 65.59s/it]
                                                     

 96%|█████████▋| 1024/1062 [4:40:06<41:32, 65.59s/it]
 97%|█████████▋| 1025/1062 [4:41:12<40:26, 65.57s/it]
                                                     

 97%|█████████▋| 1025/1062 [4:41:12<40:26, 65.57s/it]
 97%|█████████▋| 1026/1062 [4:42:17<39:19, 65.53s/it]
                                                     

 97%|█████████▋| 1026/1062 [4:42:17<39:19, 65.53s/it]
 97%|█████████▋| 1027/1062 [4:43:23<38:13, 65.52s/it]
                                                     

 97%|█████████▋| 1027/1062 [4:43:23<38:13, 65.52s/it]
 97%|█████████▋| 1028/1062 [4:44:28<37:06, 65.50s/it]
                                                     

 97%|█████████▋| 1028/1062 [4:44:28<37:06, 65.50s/it]
 97%|█████████▋| 1029/1062 [4:45:34<36:01, 65.49s/it]
                                                     

 97%|█████████▋| 1029/1062 [4:45:34<36:01, 65.49s/it]
 97%|█████████▋| 1030/1062 [4:46:38<34:46, 65.21s/it]
                                                     

 97%|█████████▋| 1030/1062 [4:46:38<34:46, 65.21s/it]
 97%|█████████▋| 1031/1062 [4:47:44<33:43, 65.28s/it]
                                                     

 97%|█████████▋| 1031/1062 [4:47:44<33:43, 65.28s/it]
 97%|█████████▋| 1032/1062 [4:48:49<32:39, 65.33s/it]
                                                     

 97%|█████████▋| 1032/1062 [4:48:49<32:39, 65.33s/it]
 97%|█████████▋| 1033/1062 [4:49:55<31:36, 65.38s/it]
                                                     

 97%|█████████▋| 1033/1062 [4:49:55<31:36, 65.38s/it]
 97%|█████████▋| 1034/1062 [4:50:59<30:19, 64.99s/it]
                                                     

 97%|█████████▋| 1034/1062 [4:50:59<30:19, 64.99s/it]
 97%|█████████▋| 1035/1062 [4:52:04<29:18, 65.13s/it]
                                                     

 97%|█████████▋| 1035/1062 [4:52:04<29:18, 65.13s/it]
 98%|█████████▊| 1036/1062 [4:53:08<28:03, 64.76s/it]
                                                     

 98%|█████████▊| 1036/1062 [4:53:08<28:03, 64.76s/it]
 98%|█████████▊| 1037/1062 [4:54:14<27:04, 64.97s/it]
                                                     

 98%|█████████▊| 1037/1062 [4:54:14<27:04, 64.97s/it]
 98%|█████████▊| 1038/1062 [4:55:19<26:02, 65.11s/it]
                                                     

 98%|█████████▊| 1038/1062 [4:55:19<26:02, 65.11s/it]
 98%|█████████▊| 1039/1062 [4:56:25<25:00, 65.23s/it]
                                                     

 98%|█████████▊| 1039/1062 [4:56:25<25:00, 65.23s/it]
 98%|█████████▊| 1040/1062 [4:57:34<24:18, 66.31s/it]
                                                     

 98%|█████████▊| 1040/1062 [4:57:34<24:18, 66.31s/it]
 98%|█████████▊| 1041/1062 [4:58:40<23:11, 66.26s/it]
                                                     

 98%|█████████▊| 1041/1062 [4:58:40<23:11, 66.26s/it]
 98%|█████████▊| 1042/1062 [4:59:45<22:00, 66.02s/it]
                                                     

 98%|█████████▊| 1042/1062 [4:59:45<22:00, 66.02s/it]
 98%|█████████▊| 1043/1062 [5:00:50<20:51, 65.84s/it]
                                                     

 98%|█████████▊| 1043/1062 [5:00:50<20:51, 65.84s/it]
 98%|█████████▊| 1044/1062 [5:01:56<19:41, 65.64s/it]
                                                     

 98%|█████████▊| 1044/1062 [5:01:56<19:41, 65.64s/it]
 98%|█████████▊| 1045/1062 [5:03:01<18:34, 65.58s/it]
                                                     

 98%|█████████▊| 1045/1062 [5:03:01<18:34, 65.58s/it]
 98%|█████████▊| 1046/1062 [5:04:07<17:28, 65.55s/it]
                                                     

 98%|█████████▊| 1046/1062 [5:04:07<17:28, 65.55s/it]
 99%|█████████▊| 1047/1062 [5:05:12<16:22, 65.51s/it]
                                                     

 99%|█████████▊| 1047/1062 [5:05:12<16:22, 65.51s/it]
 99%|█████████▊| 1048/1062 [5:06:13<14:58, 64.15s/it]
                                                     

 99%|█████████▊| 1048/1062 [5:06:13<14:58, 64.15s/it]
 99%|█████████▉| 1049/1062 [5:07:18<13:59, 64.55s/it]
                                                     

 99%|█████████▉| 1049/1062 [5:07:18<13:59, 64.55s/it]
 99%|█████████▉| 1050/1062 [5:08:24<12:58, 64.83s/it]
                                                     

 99%|█████████▉| 1050/1062 [5:08:24<12:58, 64.83s/it]
 99%|█████████▉| 1051/1062 [5:09:32<12:03, 65.81s/it]
                                                     

 99%|█████████▉| 1051/1062 [5:09:32<12:03, 65.81s/it]
 99%|█████████▉| 1052/1062 [5:10:38<10:57, 65.72s/it]
                                                     

 99%|█████████▉| 1052/1062 [5:10:38<10:57, 65.72s/it]
 99%|█████████▉| 1053/1062 [5:11:43<09:50, 65.64s/it]
                                                     

 99%|█████████▉| 1053/1062 [5:11:43<09:50, 65.64s/it]
 99%|█████████▉| 1054/1062 [5:12:48<08:44, 65.59s/it]
                                                     

 99%|█████████▉| 1054/1062 [5:12:48<08:44, 65.59s/it]
 99%|█████████▉| 1055/1062 [5:13:54<07:38, 65.56s/it]
                                                     

 99%|█████████▉| 1055/1062 [5:13:54<07:38, 65.56s/it]
 99%|█████████▉| 1056/1062 [5:14:59<06:33, 65.54s/it]
                                                     

 99%|█████████▉| 1056/1062 [5:14:59<06:33, 65.54s/it]
100%|█████████▉| 1057/1062 [5:16:05<05:27, 65.50s/it]
                                                     

100%|█████████▉| 1057/1062 [5:16:05<05:27, 65.50s/it]
100%|█████████▉| 1058/1062 [5:17:10<04:21, 65.50s/it]
                                                     

100%|█████████▉| 1058/1062 [5:17:10<04:21, 65.50s/it]
100%|█████████▉| 1059/1062 [5:18:16<03:16, 65.58s/it]
                                                     

100%|█████████▉| 1059/1062 [5:18:16<03:16, 65.58s/it]
100%|█████████▉| 1060/1062 [5:19:22<02:11, 65.55s/it]
                                                     

100%|█████████▉| 1060/1062 [5:19:22<02:11, 65.55s/it]
100%|█████████▉| 1061/1062 [5:20:27<01:05, 65.55s/it]
                                                     

100%|█████████▉| 1061/1062 [5:20:27<01:05, 65.55s/it]
100%|██████████| 1062/1062 [5:21:33<00:00, 65.52s/it]
                                                     

100%|██████████| 1062/1062 [5:21:33<00:00, 65.52s/it]
                                                     

100%|██████████| 1062/1062 [5:21:34<00:00, 65.52s/it]
100%|██████████| 1062/1062 [5:21:34<00:00, 18.17s/it]
{'eval_loss': 0.6336313986778259, 'eval_acc': 0.618, 'eval_log_loss': 0.6336265823895229, 'eval_runtime': 2143.5216, 'eval_samples_per_second': 3.266, 'eval_steps_per_second': 0.102, 'epoch': 1.88}
{'loss': 0.638, 'grad_norm': 9.644869804382324, 'learning_rate': 1.2667946257197696e-05, 'epoch': 1.88}
{'loss': 0.6361, 'grad_norm': 11.706177711486816, 'learning_rate': 1.2476007677543186e-05, 'epoch': 1.89}
{'loss': 0.6036, 'grad_norm': 6.825316429138184, 'learning_rate': 1.2284069097888675e-05, 'epoch': 1.89}
{'loss': 0.6485, 'grad_norm': 10.631080627441406, 'learning_rate': 1.2092130518234165e-05, 'epoch': 1.89}
{'loss': 0.6871, 'grad_norm': 4.389854907989502, 'learning_rate': 1.1900191938579655e-05, 'epoch': 1.89}
{'loss': 0.6336, 'grad_norm': 6.030694007873535, 'learning_rate': 1.1708253358925145e-05, 'epoch': 1.89}
{'loss': 0.5862, 'grad_norm': 3.7533020973205566, 'learning_rate': 1.1516314779270635e-05, 'epoch': 1.9}
{'loss': 0.6177, 'grad_norm': 11.6670560836792, 'learning_rate': 1.1324376199616123e-05, 'epoch': 1.9}
{'loss': 0.6801, 'grad_norm': 5.104874134063721, 'learning_rate': 1.1132437619961612e-05, 'epoch': 1.9}
{'loss': 0.6001, 'grad_norm': 7.11663818359375, 'learning_rate': 1.0940499040307102e-05, 'epoch': 1.9}
{'loss': 0.6679, 'grad_norm': 16.76689910888672, 'learning_rate': 1.0748560460652591e-05, 'epoch': 1.9}
{'loss': 0.7001, 'grad_norm': 16.068883895874023, 'learning_rate': 1.0556621880998081e-05, 'epoch': 1.91}
{'loss': 0.6609, 'grad_norm': 1.6640267372131348, 'learning_rate': 1.0364683301343571e-05, 'epoch': 1.91}
{'loss': 0.6551, 'grad_norm': 12.118561744689941, 'learning_rate': 1.0172744721689061e-05, 'epoch': 1.91}
{'loss': 0.6336, 'grad_norm': 4.720324993133545, 'learning_rate': 9.98080614203455e-06, 'epoch': 1.91}
{'loss': 0.6039, 'grad_norm': 1.8967174291610718, 'learning_rate': 9.78886756238004e-06, 'epoch': 1.91}
{'loss': 0.6606, 'grad_norm': 1.6710847616195679, 'learning_rate': 9.596928982725528e-06, 'epoch': 1.91}
{'loss': 0.5622, 'grad_norm': 4.956493854522705, 'learning_rate': 9.404990403071018e-06, 'epoch': 1.92}
{'loss': 0.6133, 'grad_norm': 14.262024879455566, 'learning_rate': 9.213051823416507e-06, 'epoch': 1.92}
{'loss': 0.6408, 'grad_norm': 6.313748836517334, 'learning_rate': 9.021113243761997e-06, 'epoch': 1.92}
{'loss': 0.5983, 'grad_norm': 2.732653856277466, 'learning_rate': 8.829174664107486e-06, 'epoch': 1.92}
{'loss': 0.6548, 'grad_norm': 7.62060546875, 'learning_rate': 8.637236084452976e-06, 'epoch': 1.92}
{'loss': 0.6685, 'grad_norm': 3.7982187271118164, 'learning_rate': 8.445297504798465e-06, 'epoch': 1.93}
{'loss': 0.6208, 'grad_norm': 2.6507232189178467, 'learning_rate': 8.253358925143954e-06, 'epoch': 1.93}
{'loss': 0.6648, 'grad_norm': 4.779076099395752, 'learning_rate': 8.061420345489444e-06, 'epoch': 1.93}
{'loss': 0.6418, 'grad_norm': 2.9459919929504395, 'learning_rate': 7.869481765834934e-06, 'epoch': 1.93}
{'loss': 0.656, 'grad_norm': 1.277612328529358, 'learning_rate': 7.677543186180422e-06, 'epoch': 1.93}
{'loss': 0.6463, 'grad_norm': 1.204983115196228, 'learning_rate': 7.485604606525912e-06, 'epoch': 1.94}
{'loss': 0.6001, 'grad_norm': 2.201375961303711, 'learning_rate': 7.293666026871402e-06, 'epoch': 1.94}
{'loss': 0.6836, 'grad_norm': 2.447157144546509, 'learning_rate': 7.101727447216891e-06, 'epoch': 1.94}
{'loss': 0.5794, 'grad_norm': 2.6376235485076904, 'learning_rate': 6.909788867562381e-06, 'epoch': 1.94}
{'loss': 0.5833, 'grad_norm': 1.359112024307251, 'learning_rate': 6.7178502879078705e-06, 'epoch': 1.94}
{'loss': 0.5899, 'grad_norm': 1.598482370376587, 'learning_rate': 6.525911708253359e-06, 'epoch': 1.94}
{'loss': 0.5844, 'grad_norm': 2.1949992179870605, 'learning_rate': 6.333973128598848e-06, 'epoch': 1.95}
{'loss': 0.6461, 'grad_norm': 17.217491149902344, 'learning_rate': 6.142034548944338e-06, 'epoch': 1.95}
{'loss': 0.6055, 'grad_norm': 1.3449214696884155, 'learning_rate': 5.950095969289828e-06, 'epoch': 1.95}
{'loss': 0.6894, 'grad_norm': 8.53832721710205, 'learning_rate': 5.758157389635318e-06, 'epoch': 1.95}
{'loss': 0.6595, 'grad_norm': 19.130979537963867, 'learning_rate': 5.566218809980806e-06, 'epoch': 1.95}
{'loss': 0.6991, 'grad_norm': 14.998749732971191, 'learning_rate': 5.374280230326296e-06, 'epoch': 1.96}
{'loss': 0.6395, 'grad_norm': 8.370277404785156, 'learning_rate': 5.182341650671786e-06, 'epoch': 1.96}
{'loss': 0.6581, 'grad_norm': 10.235538482666016, 'learning_rate': 4.990403071017275e-06, 'epoch': 1.96}
{'loss': 0.6439, 'grad_norm': 13.360208511352539, 'learning_rate': 4.798464491362764e-06, 'epoch': 1.96}
{'loss': 0.6805, 'grad_norm': 2.5849416255950928, 'learning_rate': 4.606525911708254e-06, 'epoch': 1.96}
{'loss': 0.6012, 'grad_norm': 0.9246928095817566, 'learning_rate': 4.414587332053743e-06, 'epoch': 1.97}
{'loss': 0.5886, 'grad_norm': 1.5555591583251953, 'learning_rate': 4.222648752399233e-06, 'epoch': 1.97}
{'loss': 0.654, 'grad_norm': 13.127391815185547, 'learning_rate': 4.030710172744722e-06, 'epoch': 1.97}
{'loss': 0.6352, 'grad_norm': 19.483257293701172, 'learning_rate': 3.838771593090211e-06, 'epoch': 1.97}
{'loss': 0.7319, 'grad_norm': 5.018321514129639, 'learning_rate': 3.646833013435701e-06, 'epoch': 1.97}
{'loss': 0.6358, 'grad_norm': 2.0172975063323975, 'learning_rate': 3.4548944337811903e-06, 'epoch': 1.98}
{'loss': 0.6819, 'grad_norm': 6.427133083343506, 'learning_rate': 3.2629558541266794e-06, 'epoch': 1.98}
{'loss': 0.6331, 'grad_norm': 4.789938449859619, 'learning_rate': 3.071017274472169e-06, 'epoch': 1.98}
{'loss': 0.6948, 'grad_norm': 5.135136604309082, 'learning_rate': 2.879078694817659e-06, 'epoch': 1.98}
{'loss': 0.6046, 'grad_norm': 1.2237534523010254, 'learning_rate': 2.687140115163148e-06, 'epoch': 1.98}
{'loss': 0.6435, 'grad_norm': 5.696222305297852, 'learning_rate': 2.4952015355086374e-06, 'epoch': 1.98}
{'loss': 0.7587, 'grad_norm': 4.509332180023193, 'learning_rate': 2.303262955854127e-06, 'epoch': 1.99}
{'loss': 0.6796, 'grad_norm': 4.72675895690918, 'learning_rate': 2.1113243761996164e-06, 'epoch': 1.99}
{'loss': 0.527, 'grad_norm': 8.226255416870117, 'learning_rate': 1.9193857965451054e-06, 'epoch': 1.99}
{'loss': 0.6363, 'grad_norm': 1.7168688774108887, 'learning_rate': 1.7274472168905951e-06, 'epoch': 1.99}
{'loss': 0.6319, 'grad_norm': 9.999349594116211, 'learning_rate': 1.5355086372360844e-06, 'epoch': 1.99}
{'loss': 0.5728, 'grad_norm': 3.9578113555908203, 'learning_rate': 1.343570057581574e-06, 'epoch': 2.0}
{'loss': 0.6557, 'grad_norm': 11.34674072265625, 'learning_rate': 1.1516314779270634e-06, 'epoch': 2.0}
{'loss': 0.6576, 'grad_norm': 4.957355499267578, 'learning_rate': 9.596928982725527e-07, 'epoch': 2.0}
{'train_runtime': 19294.2892, 'train_samples_per_second': 3.524, 'train_steps_per_second': 0.055, 'train_loss': 0.16108382096173848, 'epoch': 2.0}
huggingface/tokenizers: The current process just got forked, after parallelism has already been used. Disabling parallelism to avoid deadlocks...
To disable this warning, you can either:
	- Avoid using `tokenizers` before the fork if possible
	- Explicitly set the environment variable TOKENIZERS_PARALLELISM=(true | false)
huggingface/tokenizers: The current process just got forked, after parallelism has already been used. Disabling parallelism to avoid deadlocks...
To disable this warning, you can either:
	- Avoid using `tokenizers` before the fork if possible
	- Explicitly set the environment variable TOKENIZERS_PARALLELISM=(true | false)
huggingface/tokenizers: The current process just got forked, after parallelism has already been used. Disabling parallelism to avoid deadlocks...
To disable this warning, you can either:
	- Avoid using `tokenizers` before the fork if possible
	- Explicitly set the environment variable TOKENIZERS_PARALLELISM=(true | false)
huggingface/tokenizers: The current process just got forked, after parallelism has already been used. Disabling parallelism to avoid deadlocks...
To disable this warning, you can either:
	- Avoid using `tokenizers` before the fork if possible
	- Explicitly set the environment variable TOKENIZERS_PARALLELISM=(true | false)
huggingface/tokenizers: The current process just got forked, after parallelism has already been used. Disabling parallelism to avoid deadlocks...
To disable this warning, you can either:
	- Avoid using `tokenizers` before the fork if possible
	- Explicitly set the environment variable TOKENIZERS_PARALLELISM=(true | false)
huggingface/tokenizers: The current process just got forked, after parallelism has already been used. Disabling parallelism to avoid deadlocks...
To disable this warning, you can either:
	- Avoid using `tokenizers` before the fork if possible
	- Explicitly set the environment variable TOKENIZERS_PARALLELISM=(true | false)
huggingface/tokenizers: The current process just got forked, after parallelism has already been used. Disabling parallelism to avoid deadlocks...
To disable this warning, you can either:
	- Avoid using `tokenizers` before the fork if possible
	- Explicitly set the environment variable TOKENIZERS_PARALLELISM=(true | false)
huggingface/tokenizers: The current process just got forked, after parallelism has already been used. Disabling parallelism to avoid deadlocks...
To disable this warning, you can either:
	- Avoid using `tokenizers` before the fork if possible
	- Explicitly set the environment variable TOKENIZERS_PARALLELISM=(true | false)

  0%|          | 0/219 [00:00<?, ?it/s]
  1%|          | 2/219 [00:09<17:37,  4.87s/it]
  1%|▏         | 3/219 [00:19<24:51,  6.90s/it]
  2%|▏         | 4/219 [00:29<28:32,  7.96s/it]
  2%|▏         | 5/219 [00:38<30:36,  8.58s/it]
  3%|▎         | 6/219 [00:48<31:51,  8.97s/it]
  3%|▎         | 7/219 [00:58<32:35,  9.22s/it]
  4%|▎         | 8/219 [01:08<33:00,  9.39s/it]
  4%|▍         | 9/219 [01:17<33:14,  9.50s/it]
  5%|▍         | 10/219 [01:27<33:20,  9.57s/it]
  5%|▌         | 11/219 [01:37<33:22,  9.63s/it]
  5%|▌         | 12/219 [01:47<33:20,  9.66s/it]
  6%|▌         | 13/219 [01:56<33:16,  9.69s/it]
  6%|▋         | 14/219 [02:06<33:10,  9.71s/it]
  7%|▋         | 15/219 [02:16<33:02,  9.72s/it]
  7%|▋         | 16/219 [02:26<32:55,  9.73s/it]
  8%|▊         | 17/219 [02:35<32:46,  9.73s/it]
  8%|▊         | 18/219 [02:45<32:37,  9.74s/it]
  9%|▊         | 19/219 [02:55<32:28,  9.74s/it]
  9%|▉         | 20/219 [03:05<32:19,  9.75s/it]
 10%|▉         | 21/219 [03:14<32:10,  9.75s/it]
 10%|█         | 22/219 [03:24<32:00,  9.75s/it]
 11%|█         | 23/219 [03:34<31:51,  9.75s/it]
 11%|█         | 24/219 [03:44<31:41,  9.75s/it]
 11%|█▏        | 25/219 [03:53<31:31,  9.75s/it]
 12%|█▏        | 26/219 [04:03<31:21,  9.75s/it]
 12%|█▏        | 27/219 [04:13<31:11,  9.75s/it]
 13%|█▎        | 28/219 [04:23<31:01,  9.75s/it]
 13%|█▎        | 29/219 [04:32<30:51,  9.75s/it]
 14%|█▎        | 30/219 [04:42<30:42,  9.75s/it]
 14%|█▍        | 31/219 [04:52<30:32,  9.74s/it]
 15%|█▍        | 32/219 [05:02<30:22,  9.75s/it]
 15%|█▌        | 33/219 [05:11<30:13,  9.75s/it]
 16%|█▌        | 34/219 [05:21<30:03,  9.75s/it]
 16%|█▌        | 35/219 [05:31<29:52,  9.74s/it]
 16%|█▋        | 36/219 [05:41<29:43,  9.74s/it]
 17%|█▋        | 37/219 [05:50<29:33,  9.75s/it]
 17%|█▋        | 38/219 [06:00<29:23,  9.75s/it]
 18%|█▊        | 39/219 [06:10<29:14,  9.75s/it]
 18%|█▊        | 40/219 [06:20<29:04,  9.75s/it]
 19%|█▊        | 41/219 [06:29<28:55,  9.75s/it]
 19%|█▉        | 42/219 [06:39<28:45,  9.75s/it]
 20%|█▉        | 43/219 [06:49<28:35,  9.74s/it]
 20%|██        | 44/219 [06:59<28:25,  9.74s/it]
 21%|██        | 45/219 [07:08<28:15,  9.74s/it]
 21%|██        | 46/219 [07:18<28:06,  9.75s/it]
 21%|██▏       | 47/219 [07:28<27:56,  9.75s/it]
 22%|██▏       | 48/219 [07:38<27:47,  9.75s/it]
 22%|██▏       | 49/219 [07:47<27:37,  9.75s/it]
 23%|██▎       | 50/219 [07:57<27:27,  9.75s/it]
 23%|██▎       | 51/219 [08:07<27:17,  9.75s/it]
 24%|██▎       | 52/219 [08:17<27:07,  9.74s/it]
 24%|██▍       | 53/219 [08:26<26:57,  9.74s/it]
 25%|██▍       | 54/219 [08:36<26:48,  9.75s/it]
 25%|██▌       | 55/219 [08:46<26:38,  9.75s/it]
 26%|██▌       | 56/219 [08:56<26:28,  9.75s/it]
 26%|██▌       | 57/219 [09:05<26:18,  9.75s/it]
 26%|██▋       | 58/219 [09:15<26:09,  9.75s/it]
 27%|██▋       | 59/219 [09:25<25:59,  9.75s/it]
 27%|██▋       | 60/219 [09:35<25:50,  9.75s/it]
 28%|██▊       | 61/219 [09:44<25:40,  9.75s/it]
 28%|██▊       | 62/219 [09:54<25:30,  9.75s/it]
 29%|██▉       | 63/219 [10:04<25:20,  9.75s/it]
 29%|██▉       | 64/219 [10:14<25:10,  9.75s/it]
 30%|██▉       | 65/219 [10:23<25:00,  9.75s/it]
 30%|███       | 66/219 [10:33<24:51,  9.75s/it]
 31%|███       | 67/219 [10:43<24:41,  9.75s/it]
 31%|███       | 68/219 [10:53<24:31,  9.75s/it]
 32%|███▏      | 69/219 [11:02<24:22,  9.75s/it]
 32%|███▏      | 70/219 [11:12<24:12,  9.75s/it]
 32%|███▏      | 71/219 [11:22<24:02,  9.75s/it]
 33%|███▎      | 72/219 [11:32<23:53,  9.75s/it]
 33%|███▎      | 73/219 [11:41<23:43,  9.75s/it]
 34%|███▍      | 74/219 [11:51<23:34,  9.75s/it]
 34%|███▍      | 75/219 [12:01<23:23,  9.75s/it]
 35%|███▍      | 76/219 [12:11<23:13,  9.75s/it]
 35%|███▌      | 77/219 [12:20<23:03,  9.75s/it]
 36%|███▌      | 78/219 [12:30<22:54,  9.75s/it]
 36%|███▌      | 79/219 [12:40<22:44,  9.75s/it]
 37%|███▋      | 80/219 [12:50<22:34,  9.75s/it]
 37%|███▋      | 81/219 [12:59<22:25,  9.75s/it]
 37%|███▋      | 82/219 [13:09<22:15,  9.75s/it]
 38%|███▊      | 83/219 [13:19<22:05,  9.74s/it]
 38%|███▊      | 84/219 [13:29<21:55,  9.74s/it]
 39%|███▉      | 85/219 [13:38<21:45,  9.74s/it]
 39%|███▉      | 86/219 [13:48<21:36,  9.75s/it]
 40%|███▉      | 87/219 [13:58<21:26,  9.75s/it]
 40%|████      | 88/219 [14:08<21:16,  9.75s/it]
 41%|████      | 89/219 [14:17<21:07,  9.75s/it]
 41%|████      | 90/219 [14:27<20:57,  9.75s/it]
 42%|████▏     | 91/219 [14:37<20:47,  9.75s/it]
 42%|████▏     | 92/219 [14:47<20:38,  9.75s/it]
 42%|████▏     | 93/219 [14:56<20:27,  9.75s/it]
 43%|████▎     | 94/219 [15:06<20:18,  9.75s/it]
 43%|████▎     | 95/219 [15:16<20:08,  9.75s/it]
 44%|████▍     | 96/219 [15:26<19:59,  9.75s/it]
 44%|████▍     | 97/219 [15:35<19:49,  9.75s/it]
 45%|████▍     | 98/219 [15:45<19:39,  9.75s/it]
 45%|████▌     | 99/219 [15:55<19:29,  9.75s/it]
 46%|████▌     | 100/219 [16:05<19:19,  9.75s/it]
 46%|████▌     | 101/219 [16:14<19:09,  9.74s/it]
 47%|████▋     | 102/219 [16:24<19:00,  9.74s/it]
 47%|████▋     | 103/219 [16:34<18:50,  9.75s/it]
 47%|████▋     | 104/219 [16:44<18:40,  9.75s/it]
 48%|████▊     | 105/219 [16:53<18:30,  9.75s/it]
 48%|████▊     | 106/219 [17:03<18:21,  9.75s/it]
 49%|████▉     | 107/219 [17:13<18:11,  9.75s/it]
 49%|████▉     | 108/219 [17:22<18:02,  9.75s/it]
 50%|████▉     | 109/219 [17:32<17:51,  9.74s/it]
 50%|█████     | 110/219 [17:42<17:42,  9.75s/it]
 51%|█████     | 111/219 [17:52<17:32,  9.75s/it]
 51%|█████     | 112/219 [18:01<17:23,  9.75s/it]
 52%|█████▏    | 113/219 [18:11<17:13,  9.75s/it]
 52%|█████▏    | 114/219 [18:21<17:03,  9.75s/it]
 53%|█████▎    | 115/219 [18:31<16:53,  9.75s/it]
 53%|█████▎    | 116/219 [18:40<16:44,  9.75s/it]
 53%|█████▎    | 117/219 [18:50<16:34,  9.75s/it]
 54%|█████▍    | 118/219 [19:00<16:24,  9.75s/it]
 54%|█████▍    | 119/219 [19:10<16:14,  9.75s/it]
 55%|█████▍    | 120/219 [19:19<16:05,  9.75s/it]
 55%|█████▌    | 121/219 [19:29<15:55,  9.75s/it]
 56%|█████▌    | 122/219 [19:39<15:45,  9.75s/it]
 56%|█████▌    | 123/219 [19:49<15:36,  9.75s/it]
 57%|█████▋    | 124/219 [19:58<15:25,  9.75s/it]
 57%|█████▋    | 125/219 [20:08<15:16,  9.75s/it]
 58%|█████▊    | 126/219 [20:18<15:06,  9.75s/it]
 58%|█████▊    | 127/219 [20:28<14:56,  9.75s/it]
 58%|█████▊    | 128/219 [20:37<14:47,  9.75s/it]
 59%|█████▉    | 129/219 [20:47<14:36,  9.74s/it]
 59%|█████▉    | 130/219 [20:57<14:26,  9.74s/it]
 60%|█████▉    | 131/219 [21:07<14:17,  9.75s/it]
 60%|██████    | 132/219 [21:16<14:07,  9.75s/it]
 61%|██████    | 133/219 [21:26<13:58,  9.75s/it]
 61%|██████    | 134/219 [21:36<13:48,  9.75s/it]
 62%|██████▏   | 135/219 [21:46<13:38,  9.75s/it]
 62%|██████▏   | 136/219 [21:55<13:29,  9.75s/it]
 63%|██████▎   | 137/219 [22:05<13:19,  9.75s/it]
 63%|██████▎   | 138/219 [22:15<13:09,  9.75s/it]
 63%|██████▎   | 139/219 [22:25<12:59,  9.75s/it]
 64%|██████▍   | 140/219 [22:34<12:49,  9.75s/it]
 64%|██████▍   | 141/219 [22:44<12:40,  9.75s/it]
 65%|██████▍   | 142/219 [22:54<12:30,  9.75s/it]
 65%|██████▌   | 143/219 [23:04<12:20,  9.75s/it]
 66%|██████▌   | 144/219 [23:13<12:11,  9.75s/it]
 66%|██████▌   | 145/219 [23:23<12:01,  9.75s/it]
 67%|██████▋   | 146/219 [23:33<11:51,  9.75s/it]
 67%|██████▋   | 147/219 [23:43<11:41,  9.75s/it]
 68%|██████▊   | 148/219 [23:52<11:32,  9.75s/it]
 68%|██████▊   | 149/219 [24:02<11:22,  9.75s/it]
 68%|██████▊   | 150/219 [24:12<11:12,  9.75s/it]
 69%|██████▉   | 151/219 [24:22<11:02,  9.75s/it]
 69%|██████▉   | 152/219 [24:31<10:53,  9.75s/it]
 70%|██████▉   | 153/219 [24:41<10:43,  9.75s/it]
 70%|███████   | 154/219 [24:51<10:33,  9.75s/it]
 71%|███████   | 155/219 [25:01<10:23,  9.75s/it]
 71%|███████   | 156/219 [25:10<10:13,  9.74s/it]
 72%|███████▏  | 157/219 [25:20<10:03,  9.74s/it]
 72%|███████▏  | 158/219 [25:30<09:54,  9.74s/it]
 73%|███████▎  | 159/219 [25:40<09:44,  9.75s/it]
 73%|███████▎  | 160/219 [25:49<09:35,  9.75s/it]
 74%|███████▎  | 161/219 [25:59<09:25,  9.74s/it]
 74%|███████▍  | 162/219 [26:09<09:15,  9.75s/it]
 74%|███████▍  | 163/219 [26:19<09:06,  9.75s/it]
 75%|███████▍  | 164/219 [26:28<08:56,  9.75s/it]
 75%|███████▌  | 165/219 [26:38<08:46,  9.75s/it]
 76%|███████▌  | 166/219 [26:48<08:36,  9.75s/it]
 76%|███████▋  | 167/219 [26:58<08:26,  9.75s/it]
 77%|███████▋  | 168/219 [27:07<08:16,  9.74s/it]
 77%|███████▋  | 169/219 [27:17<08:07,  9.75s/it]
 78%|███████▊  | 170/219 [27:27<07:57,  9.75s/it]
 78%|███████▊  | 171/219 [27:37<07:47,  9.75s/it]
 79%|███████▊  | 172/219 [27:46<07:38,  9.75s/it]
 79%|███████▉  | 173/219 [27:56<07:28,  9.75s/it]
 79%|███████▉  | 174/219 [28:06<07:18,  9.75s/it]
 80%|███████▉  | 175/219 [28:16<07:08,  9.75s/it]
 80%|████████  | 176/219 [28:25<06:59,  9.75s/it]
 81%|████████  | 177/219 [28:35<06:49,  9.75s/it]
 81%|████████▏ | 178/219 [28:45<06:39,  9.75s/it]
 82%|████████▏ | 179/219 [28:55<06:29,  9.75s/it]
 82%|████████▏ | 180/219 [29:04<06:20,  9.75s/it]
 83%|████████▎ | 181/219 [29:14<06:10,  9.75s/it]
 83%|████████▎ | 182/219 [29:24<06:00,  9.75s/it]
 84%|████████▎ | 183/219 [29:34<05:50,  9.74s/it]
 84%|████████▍ | 184/219 [29:43<05:41,  9.74s/it]
 84%|████████▍ | 185/219 [29:53<05:31,  9.74s/it]
 85%|████████▍ | 186/219 [30:03<05:21,  9.75s/it]
 85%|████████▌ | 187/219 [30:13<05:11,  9.75s/it]
 86%|████████▌ | 188/219 [30:22<05:02,  9.75s/it]
 86%|████████▋ | 189/219 [30:32<04:52,  9.75s/it]
 87%|████████▋ | 190/219 [30:42<04:42,  9.75s/it]
 87%|████████▋ | 191/219 [30:52<04:32,  9.74s/it]
 88%|████████▊ | 192/219 [31:01<04:23,  9.75s/it]
 88%|████████▊ | 193/219 [31:11<04:13,  9.75s/it]
 89%|████████▊ | 194/219 [31:21<04:03,  9.75s/it]
 89%|████████▉ | 195/219 [31:30<03:53,  9.75s/it]
 89%|████████▉ | 196/219 [31:40<03:44,  9.75s/it]
 90%|████████▉ | 197/219 [31:50<03:34,  9.75s/it]
 90%|█████████ | 198/219 [32:00<03:24,  9.75s/it]
 91%|█████████ | 199/219 [32:09<03:14,  9.75s/it]
 91%|█████████▏| 200/219 [32:19<03:05,  9.75s/it]
 92%|█████████▏| 201/219 [32:29<02:55,  9.75s/it]
 92%|█████████▏| 202/219 [32:39<02:45,  9.75s/it]
 93%|█████████▎| 203/219 [32:48<02:35,  9.75s/it]
 93%|█████████▎| 204/219 [32:58<02:26,  9.75s/it]
 94%|█████████▎| 205/219 [33:08<02:16,  9.75s/it]
 94%|█████████▍| 206/219 [33:18<02:06,  9.75s/it]
 95%|█████████▍| 207/219 [33:28<01:57,  9.75s/it]
 95%|█████████▍| 208/219 [33:37<01:47,  9.75s/it]
 95%|█████████▌| 209/219 [33:47<01:37,  9.75s/it]
 96%|█████████▌| 210/219 [33:57<01:27,  9.75s/it]
 96%|█████████▋| 211/219 [34:06<01:17,  9.75s/it]
 97%|█████████▋| 212/219 [34:16<01:08,  9.75s/it]
 97%|█████████▋| 213/219 [34:26<00:58,  9.74s/it]
 98%|█████████▊| 214/219 [34:36<00:48,  9.74s/it]
 98%|█████████▊| 215/219 [34:45<00:38,  9.74s/it]
 99%|█████████▊| 216/219 [34:55<00:29,  9.75s/it]
 99%|█████████▉| 217/219 [35:05<00:19,  9.74s/it]
100%|█████████▉| 218/219 [35:15<00:09,  9.75s/it]
100%|██████████| 219/219 [35:22<00:00,  9.04s/it]
100%|██████████| 219/219 [35:23<00:00,  9.69s/it]
Fold - Accuracy: 0.6173

Map:   0%|          | 0/7439 [00:00<?, ? examples/s]
Map:  13%|█▎        | 1000/7439 [00:01<00:07, 833.71 examples/s]
Map:  27%|██▋       | 2000/7439 [00:01<00:04, 1097.72 examples/s]
Map:  40%|████      | 3000/7439 [00:02<00:03, 1248.26 examples/s]
Map:  54%|█████▍    | 4000/7439 [00:03<00:03, 979.06 examples/s] 
Map:  67%|██████▋   | 5000/7439 [00:04<00:02, 1113.10 examples/s]
Map:  81%|████████  | 6000/7439 [00:05<00:01, 1219.60 examples/s]
Map:  94%|█████████▍| 7000/7439 [00:05<00:00, 1297.40 examples/s]
Map: 100%|██████████| 7439/7439 [00:06<00:00, 1309.46 examples/s]
Map: 100%|██████████| 7439/7439 [00:06<00:00, 1180.57 examples/s]
huggingface/tokenizers: The current process just got forked, after parallelism has already been used. Disabling parallelism to avoid deadlocks...
To disable this warning, you can either:
	- Avoid using `tokenizers` before the fork if possible
	- Explicitly set the environment variable TOKENIZERS_PARALLELISM=(true | false)
huggingface/tokenizers: The current process just got forked, after parallelism has already been used. Disabling parallelism to avoid deadlocks...
To disable this warning, you can either:
	- Avoid using `tokenizers` before the fork if possible
	- Explicitly set the environment variable TOKENIZERS_PARALLELISM=(true | false)
huggingface/tokenizers: The current process just got forked, after parallelism has already been used. Disabling parallelism to avoid deadlocks...
To disable this warning, you can either:
	- Avoid using `tokenizers` before the fork if possible
	- Explicitly set the environment variable TOKENIZERS_PARALLELISM=(true | false)
huggingface/tokenizers: The current process just got forked, after parallelism has already been used. Disabling parallelism to avoid deadlocks...
To disable this warning, you can either:
	- Avoid using `tokenizers` before the fork if possible
	- Explicitly set the environment variable TOKENIZERS_PARALLELISM=(true | false)
huggingface/tokenizers: The current process just got forked, after parallelism has already been used. Disabling parallelism to avoid deadlocks...
To disable this warning, you can either:
	- Avoid using `tokenizers` before the fork if possible
	- Explicitly set the environment variable TOKENIZERS_PARALLELISM=(true | false)
huggingface/tokenizers: The current process just got forked, after parallelism has already been used. Disabling parallelism to avoid deadlocks...
To disable this warning, you can either:
	- Avoid using `tokenizers` before the fork if possible
	- Explicitly set the environment variable TOKENIZERS_PARALLELISM=(true | false)
huggingface/tokenizers: The current process just got forked, after parallelism has already been used. Disabling parallelism to avoid deadlocks...
To disable this warning, you can either:
	- Avoid using `tokenizers` before the fork if possible
	- Explicitly set the environment variable TOKENIZERS_PARALLELISM=(true | false)
huggingface/tokenizers: The current process just got forked, after parallelism has already been used. Disabling parallelism to avoid deadlocks...
To disable this warning, you can either:
	- Avoid using `tokenizers` before the fork if possible
	- Explicitly set the environment variable TOKENIZERS_PARALLELISM=(true | false)

  0%|          | 0/233 [00:00<?, ?it/s]
  1%|          | 2/233 [00:09<18:45,  4.87s/it]
  1%|▏         | 3/233 [00:19<26:27,  6.90s/it]
  2%|▏         | 4/233 [00:29<30:24,  7.97s/it]
  2%|▏         | 5/233 [00:38<32:37,  8.59s/it]
  3%|▎         | 6/233 [00:48<33:57,  8.97s/it]
  3%|▎         | 7/233 [00:58<34:44,  9.22s/it]
  3%|▎         | 8/233 [01:08<35:12,  9.39s/it]
  4%|▍         | 9/233 [01:17<35:28,  9.50s/it]
  4%|▍         | 10/233 [01:27<35:35,  9.58s/it]
  5%|▍         | 11/233 [01:37<35:37,  9.63s/it]
  5%|▌         | 12/233 [01:47<35:36,  9.67s/it]
  6%|▌         | 13/233 [01:56<35:32,  9.69s/it]
  6%|▌         | 14/233 [02:06<35:26,  9.71s/it]
  6%|▋         | 15/233 [02:16<35:19,  9.72s/it]
  7%|▋         | 16/233 [02:26<35:11,  9.73s/it]
  7%|▋         | 17/233 [02:35<35:02,  9.73s/it]
  8%|▊         | 18/233 [02:45<34:53,  9.74s/it]
  8%|▊         | 19/233 [02:55<34:44,  9.74s/it]
  9%|▊         | 20/233 [03:05<34:34,  9.74s/it]
  9%|▉         | 21/233 [03:14<34:25,  9.74s/it]
  9%|▉         | 22/233 [03:24<34:17,  9.75s/it]
 10%|▉         | 23/233 [03:34<34:07,  9.75s/it]
 10%|█         | 24/233 [03:44<33:58,  9.75s/it]
 11%|█         | 25/233 [03:54<33:49,  9.75s/it]
 11%|█         | 26/233 [04:03<33:39,  9.75s/it]
 12%|█▏        | 27/233 [04:13<33:29,  9.75s/it]
 12%|█▏        | 28/233 [04:23<33:19,  9.75s/it]
 12%|█▏        | 29/233 [04:33<33:09,  9.75s/it]
 13%|█▎        | 30/233 [04:42<32:59,  9.75s/it]
 13%|█▎        | 31/233 [04:52<32:49,  9.75s/it]
 14%|█▎        | 32/233 [05:02<32:40,  9.75s/it]
 14%|█▍        | 33/233 [05:12<32:31,  9.76s/it]
 15%|█▍        | 34/233 [05:21<32:21,  9.76s/it]
 15%|█▌        | 35/233 [05:31<32:11,  9.76s/it]
 15%|█▌        | 36/233 [05:41<32:02,  9.76s/it]
 16%|█▌        | 37/233 [05:51<31:52,  9.76s/it]
 16%|█▋        | 38/233 [06:00<31:42,  9.76s/it]
 17%|█▋        | 39/233 [06:10<31:32,  9.76s/it]
 17%|█▋        | 40/233 [06:20<31:22,  9.75s/it]
 18%|█▊        | 41/233 [06:30<31:12,  9.75s/it]
 18%|█▊        | 42/233 [06:39<31:02,  9.75s/it]
 18%|█▊        | 43/233 [06:49<30:53,  9.76s/it]
 19%|█▉        | 44/233 [06:59<30:43,  9.76s/it]
 19%|█▉        | 45/233 [07:09<30:33,  9.75s/it]
 20%|█▉        | 46/233 [07:18<30:23,  9.75s/it]
 20%|██        | 47/233 [07:28<30:13,  9.75s/it]
 21%|██        | 48/233 [07:38<30:04,  9.75s/it]
 21%|██        | 49/233 [07:48<29:55,  9.76s/it]
 21%|██▏       | 50/233 [07:57<29:45,  9.75s/it]
 22%|██▏       | 51/233 [08:07<29:35,  9.75s/it]
 22%|██▏       | 52/233 [08:17<29:25,  9.75s/it]
 23%|██▎       | 53/233 [08:27<29:15,  9.75s/it]
 23%|██▎       | 54/233 [08:36<29:05,  9.75s/it]
 24%|██▎       | 55/233 [08:46<28:56,  9.75s/it]
 24%|██▍       | 56/233 [08:56<28:45,  9.75s/it]
 24%|██▍       | 57/233 [09:06<28:36,  9.75s/it]
 25%|██▍       | 58/233 [09:15<28:26,  9.75s/it]
 25%|██▌       | 59/233 [09:25<28:16,  9.75s/it]
 26%|██▌       | 60/233 [09:35<28:07,  9.75s/it]
 26%|██▌       | 61/233 [09:45<27:57,  9.75s/it]
 27%|██▋       | 62/233 [09:54<27:47,  9.75s/it]
 27%|██▋       | 63/233 [10:04<27:38,  9.75s/it]
 27%|██▋       | 64/233 [10:14<27:28,  9.75s/it]
 28%|██▊       | 65/233 [10:24<27:18,  9.75s/it]
 28%|██▊       | 66/233 [10:33<27:08,  9.75s/it]
 29%|██▉       | 67/233 [10:43<26:59,  9.76s/it]
 29%|██▉       | 68/233 [10:53<26:49,  9.76s/it]
 30%|██▉       | 69/233 [11:03<26:39,  9.75s/it]
 30%|███       | 70/233 [11:12<26:29,  9.75s/it]
 30%|███       | 71/233 [11:22<26:20,  9.75s/it]
 31%|███       | 72/233 [11:32<26:11,  9.76s/it]
 31%|███▏      | 73/233 [11:42<26:01,  9.76s/it]
 32%|███▏      | 74/233 [11:51<25:52,  9.76s/it]
 32%|███▏      | 75/233 [12:01<25:42,  9.76s/it]
 33%|███▎      | 76/233 [12:11<25:32,  9.76s/it]
 33%|███▎      | 77/233 [12:21<25:22,  9.76s/it]
 33%|███▎      | 78/233 [12:31<25:12,  9.76s/it]
 34%|███▍      | 79/233 [12:40<25:02,  9.76s/it]
 34%|███▍      | 80/233 [12:50<24:52,  9.75s/it]
 35%|███▍      | 81/233 [13:00<24:42,  9.75s/it]
 35%|███▌      | 82/233 [13:10<24:32,  9.75s/it]
 36%|███▌      | 83/233 [13:19<24:22,  9.75s/it]
 36%|███▌      | 84/233 [13:29<24:12,  9.75s/it]
 36%|███▋      | 85/233 [13:39<24:02,  9.75s/it]
 37%|███▋      | 86/233 [13:49<23:53,  9.75s/it]
 37%|███▋      | 87/233 [13:58<23:43,  9.75s/it]
 38%|███▊      | 88/233 [14:08<23:33,  9.75s/it]
 38%|███▊      | 89/233 [14:18<23:24,  9.75s/it]
 39%|███▊      | 90/233 [14:28<23:14,  9.75s/it]
 39%|███▉      | 91/233 [14:37<23:04,  9.75s/it]
 39%|███▉      | 92/233 [14:47<22:55,  9.75s/it]
 40%|███▉      | 93/233 [14:57<22:45,  9.75s/it]
 40%|████      | 94/233 [15:07<22:35,  9.75s/it]
 41%|████      | 95/233 [15:16<22:25,  9.75s/it]
 41%|████      | 96/233 [15:26<22:15,  9.75s/it]
 42%|████▏     | 97/233 [15:36<22:06,  9.75s/it]
 42%|████▏     | 98/233 [15:46<21:56,  9.75s/it]
 42%|████▏     | 99/233 [15:55<21:46,  9.75s/it]
 43%|████▎     | 100/233 [16:05<21:37,  9.75s/it]
 43%|████▎     | 101/233 [16:15<21:27,  9.76s/it]
 44%|████▍     | 102/233 [16:25<21:18,  9.76s/it]
 44%|████▍     | 103/233 [16:34<21:08,  9.76s/it]
 45%|████▍     | 104/233 [16:44<20:58,  9.76s/it]
 45%|████▌     | 105/233 [16:54<20:48,  9.76s/it]
 45%|████▌     | 106/233 [17:04<20:38,  9.75s/it]
 46%|████▌     | 107/233 [17:13<20:29,  9.75s/it]
 46%|████▋     | 108/233 [17:23<20:19,  9.76s/it]
 47%|████▋     | 109/233 [17:33<20:09,  9.76s/it]
 47%|████▋     | 110/233 [17:43<19:59,  9.76s/it]
 48%|████▊     | 111/233 [17:52<19:49,  9.75s/it]
 48%|████▊     | 112/233 [18:02<19:39,  9.75s/it]
 48%|████▊     | 113/233 [18:12<19:30,  9.75s/it]
 49%|████▉     | 114/233 [18:22<19:20,  9.75s/it]
 49%|████▉     | 115/233 [18:31<19:10,  9.75s/it]
 50%|████▉     | 116/233 [18:41<19:00,  9.75s/it]
 50%|█████     | 117/233 [18:51<18:51,  9.75s/it]
 51%|█████     | 118/233 [19:01<18:41,  9.75s/it]
 51%|█████     | 119/233 [19:10<18:31,  9.75s/it]
 52%|█████▏    | 120/233 [19:20<18:21,  9.75s/it]
 52%|█████▏    | 121/233 [19:30<18:12,  9.75s/it]
 52%|█████▏    | 122/233 [19:40<18:02,  9.75s/it]
 53%|█████▎    | 123/233 [19:49<17:52,  9.75s/it]
 53%|█████▎    | 124/233 [19:59<17:42,  9.75s/it]
 54%|█████▎    | 125/233 [20:09<17:33,  9.75s/it]
 54%|█████▍    | 126/233 [20:19<17:23,  9.75s/it]
 55%|█████▍    | 127/233 [20:28<17:13,  9.75s/it]
 55%|█████▍    | 128/233 [20:38<17:03,  9.75s/it]
 55%|█████▌    | 129/233 [20:48<16:54,  9.75s/it]
 56%|█████▌    | 130/233 [20:58<16:43,  9.75s/it]
 56%|█████▌    | 131/233 [21:07<16:34,  9.75s/it]
 57%|█████▋    | 132/233 [21:17<16:24,  9.75s/it]
 57%|█████▋    | 133/233 [21:27<16:14,  9.75s/it]
 58%|█████▊    | 134/233 [21:37<16:05,  9.75s/it]
 58%|█████▊    | 135/233 [21:46<15:55,  9.75s/it]
 58%|█████▊    | 136/233 [21:56<15:46,  9.76s/it]
 59%|█████▉    | 137/233 [22:06<15:36,  9.76s/it]
 59%|█████▉    | 138/233 [22:16<15:26,  9.75s/it]
 60%|█████▉    | 139/233 [22:25<15:16,  9.75s/it]
 60%|██████    | 140/233 [22:35<15:06,  9.75s/it]
 61%|██████    | 141/233 [22:45<14:57,  9.75s/it]
 61%|██████    | 142/233 [22:55<14:47,  9.75s/it]
 61%|██████▏   | 143/233 [23:04<14:37,  9.75s/it]
 62%|██████▏   | 144/233 [23:14<14:27,  9.75s/it]
 62%|██████▏   | 145/233 [23:24<14:17,  9.75s/it]
 63%|██████▎   | 146/233 [23:34<14:08,  9.75s/it]
 63%|██████▎   | 147/233 [23:43<13:58,  9.75s/it]
 64%|██████▎   | 148/233 [23:53<13:48,  9.75s/it]
 64%|██████▍   | 149/233 [24:03<13:38,  9.75s/it]
 64%|██████▍   | 150/233 [24:13<13:29,  9.75s/it]
 65%|██████▍   | 151/233 [24:22<13:19,  9.75s/it]
 65%|██████▌   | 152/233 [24:32<13:09,  9.75s/it]
 66%|██████▌   | 153/233 [24:42<12:59,  9.75s/it]
 66%|██████▌   | 154/233 [24:52<12:49,  9.75s/it]
 67%|██████▋   | 155/233 [25:01<12:40,  9.75s/it]
 67%|██████▋   | 156/233 [25:11<12:30,  9.74s/it]
 67%|██████▋   | 157/233 [25:21<12:20,  9.75s/it]
 68%|██████▊   | 158/233 [25:31<12:11,  9.75s/it]
 68%|██████▊   | 159/233 [25:40<12:01,  9.75s/it]
 69%|██████▊   | 160/233 [25:50<11:51,  9.75s/it]
 69%|██████▉   | 161/233 [26:00<11:42,  9.75s/it]
 70%|██████▉   | 162/233 [26:10<11:32,  9.75s/it]
 70%|██████▉   | 163/233 [26:19<11:23,  9.76s/it]
 70%|███████   | 164/233 [26:29<11:14,  9.77s/it]
 71%|███████   | 165/233 [26:39<11:04,  9.77s/it]
 71%|███████   | 166/233 [26:49<10:54,  9.76s/it]
 72%|███████▏  | 167/233 [26:58<10:44,  9.76s/it]
 72%|███████▏  | 168/233 [27:08<10:34,  9.76s/it]
 73%|███████▎  | 169/233 [27:18<10:24,  9.76s/it]
 73%|███████▎  | 170/233 [27:28<10:14,  9.76s/it]
 73%|███████▎  | 171/233 [27:37<10:04,  9.76s/it]
 74%|███████▍  | 172/233 [27:47<09:55,  9.76s/it]
 74%|███████▍  | 173/233 [27:57<09:45,  9.76s/it]
 75%|███████▍  | 174/233 [28:07<09:35,  9.76s/it]
 75%|███████▌  | 175/233 [28:16<09:26,  9.76s/it]
 76%|███████▌  | 176/233 [28:26<09:16,  9.76s/it]
 76%|███████▌  | 177/233 [28:36<09:06,  9.76s/it]
 76%|███████▋  | 178/233 [28:46<08:56,  9.76s/it]
 77%|███████▋  | 179/233 [28:56<08:46,  9.76s/it]
 77%|███████▋  | 180/233 [29:05<08:37,  9.76s/it]
 78%|███████▊  | 181/233 [29:16<08:40, 10.00s/it]
 78%|███████▊  | 182/233 [29:26<08:27,  9.94s/it]
 79%|███████▊  | 183/233 [29:35<08:14,  9.89s/it]
 79%|███████▉  | 184/233 [29:45<08:02,  9.85s/it]
 79%|███████▉  | 185/233 [29:55<07:51,  9.82s/it]
 80%|███████▉  | 186/233 [30:05<07:40,  9.81s/it]
 80%|████████  | 187/233 [30:14<07:30,  9.79s/it]
 81%|████████  | 188/233 [30:24<07:20,  9.78s/it]
 81%|████████  | 189/233 [30:34<07:10,  9.78s/it]
 82%|████████▏ | 190/233 [30:44<07:00,  9.77s/it]
 82%|████████▏ | 191/233 [30:54<06:50,  9.77s/it]
 82%|████████▏ | 192/233 [31:03<06:40,  9.76s/it]
 83%|████████▎ | 193/233 [31:13<06:30,  9.76s/it]
 83%|████████▎ | 194/233 [31:23<06:20,  9.76s/it]
 84%|████████▎ | 195/233 [31:33<06:10,  9.75s/it]
 84%|████████▍ | 196/233 [31:42<06:00,  9.75s/it]
 85%|████████▍ | 197/233 [31:52<05:51,  9.75s/it]
 85%|████████▍ | 198/233 [32:02<05:41,  9.75s/it]
 85%|████████▌ | 199/233 [32:12<05:31,  9.75s/it]
 86%|████████▌ | 200/233 [32:21<05:21,  9.76s/it]
 86%|████████▋ | 201/233 [32:31<05:12,  9.75s/it]
 87%|████████▋ | 202/233 [32:41<05:02,  9.75s/it]
 87%|████████▋ | 203/233 [32:51<04:52,  9.75s/it]
 88%|████████▊ | 204/233 [33:00<04:42,  9.76s/it]
 88%|████████▊ | 205/233 [33:10<04:33,  9.76s/it]
 88%|████████▊ | 206/233 [33:20<04:23,  9.75s/it]
 89%|████████▉ | 207/233 [33:30<04:13,  9.75s/it]
 89%|████████▉ | 208/233 [33:39<04:03,  9.75s/it]
 90%|████████▉ | 209/233 [33:49<03:54,  9.75s/it]
 90%|█████████ | 210/233 [33:59<03:44,  9.75s/it]
 91%|█████████ | 211/233 [34:09<03:34,  9.75s/it]
 91%|█████████ | 212/233 [34:18<03:24,  9.75s/it]
 91%|█████████▏| 213/233 [34:28<03:15,  9.75s/it]
 92%|█████████▏| 214/233 [34:38<03:05,  9.75s/it]
 92%|█████████▏| 215/233 [34:48<02:55,  9.76s/it]
 93%|█████████▎| 216/233 [34:57<02:45,  9.76s/it]
 93%|█████████▎| 217/233 [35:07<02:36,  9.76s/it]
 94%|█████████▎| 218/233 [35:17<02:26,  9.76s/it]
 94%|█████████▍| 219/233 [35:27<02:16,  9.76s/it]
 94%|█████████▍| 220/233 [35:36<02:06,  9.75s/it]
 95%|█████████▍| 221/233 [35:46<01:57,  9.75s/it]
 95%|█████████▌| 222/233 [35:56<01:47,  9.75s/it]
 96%|█████████▌| 223/233 [36:06<01:37,  9.75s/it]
 96%|█████████▌| 224/233 [36:15<01:27,  9.75s/it]
 97%|█████████▋| 225/233 [36:25<01:18,  9.75s/it]
 97%|█████████▋| 226/233 [36:35<01:08,  9.75s/it]
 97%|█████████▋| 227/233 [36:45<00:58,  9.76s/it]
 98%|█████████▊| 228/233 [36:54<00:48,  9.75s/it]
 98%|█████████▊| 229/233 [37:04<00:39,  9.75s/it]
 99%|█████████▊| 230/233 [37:14<00:29,  9.76s/it]
 99%|█████████▉| 231/233 [37:24<00:19,  9.75s/it]
100%|█████████▉| 232/233 [37:33<00:09,  9.75s/it]
100%|██████████| 233/233 [37:38<00:00,  8.31s/it]
100%|██████████| 233/233 [37:38<00:00,  9.69s/it]
Fold - Accuracy: 0.6213
---------------------------------------
Begin Slurm Epilog: Apr-25-2025 13:05:47
Job ID:        2531510
User ID:       akhandelwal83
Account:       coc
Job name:      gemma-v1
Resources:     cpu=32,gres/gpu:v100=2,mem=64G,node=1
Rsrc Used:     cput=8-20:52:48,vmem=0,walltime=06:39:09,mem=7992704K,energy_used=0
Partition:     coc-gpu
QOS:           coc-ice
Nodes:         atl1-1-01-002-7-0
---------------------------------------
